Organisation_fame_search,Company.name
children assisted in a real environment ltdSelected, CHILDREN ASSISTED IN A REAL ENVIRONMENT LTD
Amegreen childrens Services LimitedSelected, AMEGREEN CHILDRENS SERVICES LIMITED
New Forest Care LtdSelected, NEW FOREST CARE LIMITED
St Cuthberts CareSelected, ST CUTHBERT'S CARE
Care Focus LimitedSelected, CARE FOCUS LIMITED
The Serendipity Centre LimitedSelected, THE SERENDIPITY CENTRE LIMITED
Priory New Education Services LimitedSelected, ASPRIS NEW EDUCATION SERVICES LIMITED
ERA Care LimitedSelected, ERA CARE LIMITED
Howard House Care LimitedSelected, HOWARD HOUSE CARE LIMITED Dissolved
Keys Education LimitedSelected, KEYS EDUCATION LIMITED
Horton Establishments LtdSelected, HORTON ESTABLISHMENTS LTD
The National Centre for Young People with EpilepsySelected, THE NATIONAL CENTRE FOR YOUNG PEOPLE WITH EPILEPSY CHARITABLE TRUST
Roundhouse Care LtdSelected, ROUNDHOUSE CARE LIMITED
Ethelbert Specialist Homes LimitedSelected, ETHELBERT SPECIALIST HOMES LIMITED
Physis Quantum LimitedSelected, PHYSIS QUANTUM LIMITED
Bryn Melyn CareSelected, BRYN MELYN CARE LIMITED
Thoughts of Others LtdSelected, THOUGHTS OF OTHERS LTD In liquidation
Cambian Childcare LtdSelected, CAMBIAN CHILDCARE LIMITED
SES Turnstone LimitedSelected, SES TURNSTONE LIMITED
Key Change childrens Service LimitedSelected, KEY CHANGE CHILDREN'S SERVICE LIMITED
Progress childrens ServicesSelected, PROGRESS CHILDREN'S SERVICES LIMITED
Anderida Adolescent CareSelected, ANDERIDA ADOLESCENT CARE LIMITED
Hexagon Care Services LimitedSelected, HEXAGON CARE SERVICES LIMITED
Verve Life LimitedSelected, VERVE LIFE LIMITED Dissolved
Esland North LimitedSelected, ESLAND NORTH LIMITED
Artemis Support LtdSelected, COMPASS CHILDREN'S HOMES NORTH EAST LIMITED
Hillcrest childrens Services LtdSelected, HILLCREST CHILDRENS SERVICES LIMITED
Moonreach LtdSelected, MOONREACH LIMITED
Crossway Services LimitedSelected, CROSSWAY SERVICES LIMITED Dissolved
Roseberry Specialist Care Centres LtdSelected, ROSEBERRY SPECIALIST CARE CENTRES LIMITED In liquidation
Action For ChildrenSelected, ACTION FOR CHILDREN
Doncaster childrens Services Trust LimitedSelected, DONCASTER CHILDREN'S SERVICES TRUST LIMITED Dissolved
Quantum Care UK LimitedSelected, QUANTUM CARE (UK) LIMITED
Atlas Healthcare LtdSelected, ATLAS HEALTHCARE LIMITED
Arc Hd Services LtdSelected, ARC HD SERVICES LIMITED
Time-Out childrens Homes LimitedSelected, TIMEOUT CHILDRENS HOMES LIMITED
Crossways Care LtdSelected, KEYS CWC LIMITED
Witherslack Group LtdSelected, WITHERSLACK GROUP LIMITED
Shyne Together LimitedSelected, SHYNE TOGETHER LIMITED
Progressive Care LtdSelected, PROGRESSIVE CARE LIMITED
Five Rivers Child Care LimitedSelected, FIVE RIVERS CHILD CARE LIMITED
KEYS EDUCATIONAL SERVICES LIMITEDSelected, KEYS EDUCATIONAL SERVICES LIMITED
ABC Care and Education LtdSelected, ABC CARE AND EDUCATION LTD
Nh Care LimitedSelected, NH CARE LIMITED Dissolved
Benecare LimitedSelected, BENECARE LIMITED
Children and Family Services LimitedSelected, CHILDREN AND FAMILY SERVICES LIMITED
Individual Specialist Care LtdSelected, INDIVIDUAL SPECIALIST CARE LTD In liquidation
Little Acorns London Beach Farm LimitedSelected, LITTLE ACORNS LONDON BEACH FARM LIMITED
Care Management Solutions LimitedSelected, CARE MANAGEMENT SOLUTIONS LIMITED Dissolved
Carlisle Mencap LtdSelected, CARLISLE MENCAP LIMITED
Imap Centre LimitedSelected, IMAP CENTRE LIMITED
Southern Adolescent Care Services LtdSelected, SOUTHERN ADOLESCENT CARE SERVICES LTD
Pathway Care Solutions Ii LtdSelected, PATHWAY CARE SOLUTIONS II LIMITED
Horizon Care LimitedSelected, HORIZON CARE LIMITED
Hillcrest Childrens Services LimitedSelected, HILLCREST CHILDRENS SERVICES LIMITED
Reamcare LimitedSelected, REAMCARE LIMITED
Channels and Choices LimitedSelected, CHANNELS AND CHOICES LIMITED
We Are BeamsSelected, WE ARE BEAMS
St Christophers FellowshipSelected, ST.CHRISTOPHERS FELLOWSHIP
Nugent CareSelected, NUGENT CARE 2019
Radical Services LtdSelected, RADICAL SERVICES LIMITED
The childrens TrustSelected, THE CHILDREN'S TRUST
Daisybrook LimitedSelected, DAISYBROOK LIMITED
Partners in Care LimitedSelected, PARTNERS IN CARE LIMITED
Acorn Norfolk LimitedSelected, ACORN NORFOLK LIMITED
Sherico Care Services LimitedSelected, SHERICO CARE SERVICES LIMITED
Castle Homes LimitedSelected, CASTLE HOMES LIMITED
Rosedale childrens Services LimitedSelected, ROSEDALE CHILDREN'S SERVICES LIMITED
Right-Trak LimitedSelected, RIGHT-TRAK LIMITED
Evolution Childrens Services LimitedSelected, EVOLUTION CHILDREN SERVICES LTD In liquidation
Oracle Care LimitedSelected, ORACLE CARE LIMITED
Strode Park Foundation for People with DisabilitiesSelected, STRODE PARK FOUNDATION FOR PEOPLE WITH DISABILITIES
BreakSelected, BREAK
The Ryes College LimitedSelected, THE RYES COLLEGE LIMITED
G B A Care LtdSelected, G B A CARE LIMITED
Lifetime Opportunities LtdSelected, LIFETIME OPPORTUNITIES LTD
Potton Homes LtdSelected, POTTON HOMES LTD
Family Care Associates LimitedSelected, FAMILY CARE ASSOCIATES LIMITED
Castle Homes Care LtdSelected, CASTLE HOMES CARE LIMITED
Reflexion Care Group LimitedSelected, REFLEXION CARE GROUP LIMITED
Keys Care LimitedSelected, KEYS CARE LIMITED
Kedleston (Wood Grove Childcare) LtdSelected, KEDLESTON (WOOD GROVE CHILDCARE) LIMITED
Priory Education Services LimitedSelected, ASPRIS CHILDREN'S SERVICES LIMITED
Ferndearle Child Care Services LimitedSelected, COMPASS CHILDREN'S HOMES KENT LIMITED
Jubilee House Care Trust LimitedSelected, THE JUBILEE HOUSE CARE TRUST LIMITED
Longdon Hall School LimitedSelected, LONGDON HALL SCHOOL LIMITED
Hopscotch Care LimitedSelected, HOPSCOTCH CARE LIMITED
Consensus Support Services LtdSelected, CONSENSUS SUPPORT SERVICES LIMITED
Plus One (South West) LtdSelected, PLUS ONE (SOUTH WEST) LIMITED
Clover Childcare Services LtdSelected, CLOVER CHILDCARE SERVICES LIMITED
Care 2 Share 2 LtdSelected, CARE 2 SHARE LIMITED
The Beeches UK LtdSelected, THE BEECHES UK LIMITED
Pathways Care Group LimitedSelected, PATHWAYS CARE GROUP LIMITED
Barnardiston Hall Preparatory School LimitedSelected, BARNARDISTON HALL PREPARATORY SCHOOL LIMITED
Quality Protects Children LtdSelected, QUALITY PROTECTS CHILDREN LTD
New Horizons Childcare LtdSelected, NEW HORIZON CHILDCARE LIMITED
The Drive Care Homes LtdSelected, THE DRIVE CARE HOMES LIMITED
Cambian Whinfell School LtdSelected, CAMBIAN WHINFELL SCHOOL LIMITED
Roc Northwest LtdSelected, ROC NORTHWEST LIMITED
Prestige Adolescent Care And Education LimitedSelected, PRESTIGE ADOLESCENT CARE AND EDUCATION LIMITED
Doncaster Deaf TrustSelected, DONCASTER DEAF TRUST
Amos Aftercare Moving On Scheme LtdSelected, AMOS AFTERCARE MOVING ON SCHEME LTD Dissolved
Greenfields Adolescent Development LimitedSelected, GREENFIELDS ADOLESCENT DEVELOPMENT LIMITED
Aspire House PartnershipNo results Modify search term,
Fairfield Residential LtdSelected, FAIRFIELD RESIDENTIAL LIMITED
Highfield (North East) LimitedSelected, HIGHFIELD (NORTH EAST) LIMITED
Alicie Enterprises LimitedSelected, ALICIE ENTERPRISES LIMITED
Aspireone Care LtdSelected, ASPIREONE CARE LIMITED
Institute of Integrated Systemic TherapySelected, INSTITUTE OF INTEGRATED SYSTEMIC THERAPY
My Choice childrens Homes LtdSelected, MY CHOICE CHILDREN'S HOMES LIMITED
Semi-Independent House LimitedSelected, SEMI-INDEPENDENT HOUSE LIMITED
The Together TrustSelected, THE TOGETHER TRUST
Knossington Grange School LtdSelected, KNOSSINGTON GRANGE SCHOOL LIMITED
The Qalb Short Break Services LtdSelected, THE QALB SHORT BREAK SERVICES LTD
CARE TODAY (CHILDRENS SERVICES) LTDSelected, CARE TODAY (CHILDRENS SERVICES) LTD
The Vine Residential Services (TVRS) LtdSelected, THE VINE RESIDENTIAL SERVICES (TVRS) LTD
A J Residential Care LtdSelected, A J RESIDENTIAL CARE LTD
Channels and Choices Kent LLPSelected, CHANNELS AND CHOICES KENT LLP
Unity Residential Care ServicesSelected, UNITY RESIDENTIAL CARE SERVICES LIMITED
Phoenix Child Care LimitedSelected, PHOENIX CHILD CARE LIMITED
Grace Care LimitedSelected, GRACE CARE LIMITED Dissolved
Acorn Homes (UK) LimitedSelected, ACORN HOMES (UK) LIMITED
Utopia childrens Services LtdSelected, UTOPIA CHILDRENS SERVICES LIMITED
Direct Care LtdSelected, DIRECT CARE LTD
Future In Mind LimitedSelected, FUTURE IN MIND LIMITED
North Lakes childrens Services LimitedSelected, NORTH LAKES CHILDRENS SERVICES LIMITED
Shalamar Children LimitedSelected, SHALAMAR CHILDREN LIMITED
Merryvale children's HomeSelected, MERRYVALE PROPERTIES LIMITED Dissolved
MacIntyre CareSelected, MACINTYRE CARE
Parkview Care (broadstairs) LimitedSelected, PARKVIEW CARE (BROADSTAIRS) LIMITED
Capstone Care Provider LimitedSelected, CAPSTONE CARE PROVIDER LIMITED
MGM Care Services LtdSelected, MGM CARE SERVICES LTD
Care And Management Services LimitedSelected, CARE AND MANAGEMENT SERVICES LIMITED
Searchlight Care Services LtdSelected, SEARCHLIGHT CARE SERVICES LIMITED
Bright Futures Care LimitedSelected, BRIGHT FUTURES CARE LIMITED
Inroads Essex LimitedSelected, INROADS (ESSEX) LTD
Pine Forest Homes LimitedSelected, PINE FOREST HOMES LIMITED Dissolved
Calcot Services For Children LimitedSelected, CALCOT SERVICES FOR CHILDREN LIMITED
Cotswold Chine SchoolSelected, NOVALIS TRUST
Platinum Services For Children (residential Care) LtdSelected, PLATINUM SERVICES FOR CHILDREN (RESIDENTIAL CARE) LIMITED
Underley Schools LimitedSelected, UNDERLEY SCHOOLS LIMITED
Outdoor Care LimitedSelected, OUTDOOR CARE LTD
Delam Care LimitedSelected, DELAM CARE LIMITED
Dove Adolescent Services LimitedSelected, DOVE ADOLESCENT SERVICES LIMITED
Time-Out Childrens Homes LimitedSelected, TIMEOUT CHILDRENS HOMES LIMITED
Courtyard Care LimitedSelected, COURTYARD CARE LIMITED
Pilgrims Corner LimitedSelected, PILGRIMS CORNER LIMITED
Pathfinders (childcare) LtdSelected, PATHFINDERS (CHILDCARE) LIMITED
TreeHouse Care Fostering Solutions LtdSelected, TREEHOUSE CARE FOSTERING SOLUTIONS LIMITED
Ronanda LimitedSelected, RONANDA LIMITED
Blackford Education (schools) LtdSelected, BLACKFORD EDUCATION (SCHOOLS) LIMITED
North East Autism SocietySelected, NORTH EAST AUTISM SOCIETY
Inspire Childrens Services LimitedSelected, INSPIRE CHILDRENS SERVICES LIMITED
Keys Childcare LtdSelected, KEYS CHILDCARE (IRL) LIMITED Dissolved
New Options LimitedSelected, OPTIONS AUTISM (1) LIMITED
Halliwell Homes LimitedSelected, HALLIWELL HOMES LIMITED
Positive Pathways LimitedSelected, POSITIVE PATHWAYS LIMITED
Acorn Care (UK) LimitedSelected, ACORN CARE (UK) LIMITED
One To One Crisis Intervention LtdSelected, ONE TO ONE CRISIS INTERVENTION LIMITED
Archways Care LtdSelected, ARCHWAYS CARE LTD
Educare Adolescent Services LimitedSelected, EDUCARE ADOLESCENT SERVICES LIMITED
Fairways Care (uk) LimitedSelected, FAIRWAYS CARE (UK) LIMITED Dissolved
Active Ark LimitedSelected, ACTIVE ARK LIMITED
Steps 4 Life Care LtdSelected, STEPS 4 LIFE CARE LTD
Unique Care Homes Support LimitedSelected, UNIQUE CARE HOMES SUPPORT LIMITED
Heartwood RSW LtdSelected, HEARTWOOD RSW LTD
Cove Care Residential LtdSelected, COVE CARE RESIDENTIAL LIMITED
Marlowe Child & Family Services LimitedSelected, HARTMORE EDUCATION LIMITED
Care Management Group LimitedSelected, CARE MANAGEMENT GROUP LIMITED
M.J. Childrens Services LimitedSelected, M.J. CHILDRENS SERVICES LIMITED
Phoenix Learning And Care LtdSelected, PHOENIX LEARNING AND CARE LIMITED
Pebbles CareSelected, PEBBLES CARE LIMITED
Bramley Care LimitedSelected, BRAMLEY CARE LIMITED
S P Homes LimitedSelected, S P HOMES LIMITED
The Chartwell Group of Companies LimitedSelected, THE CHARTWELL GROUP OF COMPANIES LIMITED Dissolved
Pathway Care Solutions LtdSelected, PATHWAY CARE SOLUTIONS LIMITED
Considerate Care LimitedSelected, CONSIDERATE CARE LIMITED
Headway Adolescent Resources LimitedSelected, HEADWAY ADOLESCENT RESOURCES LIMITED
Hopscotch Solutions LimitedSelected, HOPSCOTCH SOLUTIONS LIMITED
Aspirations Care LimitedSelected, ASPIRATIONS CARE LIMITED
Interact Care LimitedSelected, INTERACT CARE LIMITED
Sunfield childrens Homes LimitedSelected, SUNFIELD CHILDRENS HOMES LIMITED
Blue Mountain Homes LtdSelected, BLUE MOUNTAIN HOMES LTD.
Nottinghamshire YmcaSelected, YMCA ROBIN HOOD GROUP
Cornerstone childrens Homes LimitedSelected, CORNERSTONE CHILDREN'S HOMES LIMITED
Fairport Care Services LtdSelected, FAIRPORT CARE SERVICES LIMITED
The Amicus Community Arundel LimitedSelected, THE AMICUS COMMUNITY ARUNDEL LIMITED
Beaufort Care GroupSelected, BEAUFORT CARE GROUP LIMITED
Spark Of Genius North East LlpSelected, SPARK OF GENIUS NORTH EAST LLP
Woodside House Care LtdSelected, WOODSIDE HOUSE CARE LTD
A Wilderness Way LtdSelected, A WILDERNESS WAY LIMITED
Lifeworks Charity LimitedSelected, LIFEWORKS CHARITY LIMITED
Progress Care and Education LimitedSelected, PROGRESS CARE AND EDUCATION LIMITED
Meadows Care LtdSelected, MEADOWS CARE LIMITED
Lioncare LimitedSelected, LIONCARE LIMITED
Surecare Residential LtdSelected, SURECARE RESIDENTIAL LTD
Cambian Signpost LimitedSelected, CAMBIAN SIGNPOST LIMITED
Sea Shell Trust LimitedSelected, SEASHELL TRUST
Compass childrens Homes LtdSelected, COMPASS CHILDREN'S HOMES LIMITED
Dmr Services LimitedSelected, DMR SERVICES LIMITED
Holme Farm Residential Village LimitedSelected, HOLME FARM RESIDENTIAL VILLAGE LIMITED
Good Foundations LimitedSelected, GOOD FOUNDATIONS LIMITED
The Loddon Foundation LtdSelected, THE LODDON FOUNDATION LTD
Overley Hall School LimitedSelected, OVERLEY HALL LIMITED
Alliance Care & Education LimitedSelected, KEYS ACE LIMITED
SES Avocet LimitedSelected, SES AVOCET LIMITED
Hopedale Children and Family Services LimitedSelected, HOPEDALE CHILDREN AND FAMILY SERVICES LIMITED
Total Care Matters LimitedSelected, TOTAL CARE MATTERS LTD
Holibrook House LimitedSelected, HOLIBROOK HOUSE LIMITED
3 Dimensions Care LimitedSelected, 3 DIMENSIONS CARE LIMITED
4d Care LtdSelected, 4D CARE LIMITED
Crystal Care Solutions LimitedSelected, CRYSTAL CARE SOLUTIONS LIMITED
The Caldecott Foundation LimitedSelected, THE CALDECOTT FOUNDATION LIMITED
Broadwood Residential LimitedSelected, KEYS BR LIMITED
Oakley House Childrens Home LimitedSelected, OAKLEY HOUSE CHILDRENS HOME LIMITED
Milestones Care Homes LimitedSelected, MILESTONES CARE HOMES LTD
Pear Tree Projects LimitedSelected, PEAR TREE PROJECTS LIMITED
First 4 Care LtdSelected, FIRST 4 CARE LIMITED Dissolved
Bay View Child Care LimitedSelected, BAY VIEW CHILD CARE LIMITED
Motivations Activity Projects LtdSelected, MOTIVATIONS ACTIVITY PROJECTS LTD.
Cornerways childrens Services LimitedSelected, CORNERWAYS CHILDRENS SERVICES LIMITED
Keswick Care LimitedSelected, KESWICK CARE LIMITED
Amberleigh Care LimitedSelected, AMBERLEIGH CARE LIMITED
East Midlands Care Matters LimitedSelected, EAST MIDLANDS CARE MATTERS LIMITED
Wessex CollegeSelected, WESSEX COLLEGE LIMITED
Aspire Residential Care Home LtdSelected, ASPIRE RESIDENTIAL CARE HOME LTD Dissolved
Ja Nailah LimitedSelected, JA NAILAH LIMITED
Esland South LimitedSelected, ESLAND SOUTH LIMITED
Springfield Road Childrens Homes LtdSelected, SPRINGFIELD ROAD CHILDRENS HOMES LTD
Social Care Services (clayton) LimitedSelected, SOCIAL CARE SERVICES (CLAYTON) LIMITED
Arnfield Care LimitedSelected, ARNFIELD CARE LIMITED
Enabling Futures LtdSelected, ENABLING FUTURES LTD
Footsteps A Path To Change 08 LimitedSelected, FOOTSTEPS A PATH TO CHANGE 08 LIMITED
Virgin Care LimitedSelected, HCRG CARE LTD
Friends Therapeutic Community TrustSelected, FRIENDS THERAPEUTIC COMMUNITY TRUST
Frances House LtdSelected, FRANCES HOUSE LTD
Priors Court FoundationSelected, PRIOR'S COURT FOUNDATION
Mulberry House Care Homes LimitedSelected, MULBERRY HOUSE CARE HOMES LIMITED
Full Circle CareSelected, FULL CIRCLE CARE LTD
Hillcrest childrens Services (2) LtdSelected, HILLCREST CHILDRENS SERVICES (2) LIMITED
Mayne Enterprises LimitedSelected, MAYNE ENTERPRISES LIMITED Dissolved
SWAAY Child and Adolescent Services LimitedSelected, SWAAY CHILD AND ADOLESCENT SERVICES LIMITED
Cherish Childrens Care LimitedSelected, CHERISH CHILDRENS CARE LTD
Adventure Care LimitedSelected, ADVENTURE CARE LIMITED
HORIZON RESIDENTIAL HOMES LIMITEDSelected, HORIZON RESIDENTIAL HOMES LIMITED
Keys Group Progressive Care & Education LimitedSelected, KEYS GROUP PROGRESSIVE CARE & EDUCATION LIMITED
Dame Hannah Rogers SchoolSelected, 0
McRae Residential Care Services LimitedSelected, MCRAE RESIDENTIAL CARE SERVICES LIMITED
Hollybank TrustSelected, HOLLYBANK TRUST
ARC Adventure (Sussex) LtdSelected, ARC ADVENTURE (SUSSEX) LTD Dissolved
New Horizons (nw) LtdSelected, NEW HORIZONS (NW) LTD
BarnardosSelected, BARNARDOS - REPUBLIC OF IRELAND COMPANY LIMITED BY GUARANTEE
Winsbeach childrens Home LimitedSelected, WINSBEACH CHILDREN'S HOME LIMITED
Cambian Autism Services LimitedSelected, CAMBIAN AUTISM SERVICES LIMITED
Keys Specialist Residential childrens Services LtdSelected, KEYS SPECIALIST RESIDENTIAL CHILDREN'S SERVICES LTD
Acorn Homes (uk) LtdSelected, ACORN HOMES (U.K.) LIMITED Dissolved
PIC childrens Services LimitedSelected, P.I.C. CHILDRENS' SERVICES LIMITED
Dalepeak LimitedSelected, DALEPEAK LIMITED
Idem Living LtdSelected, IDEM LIVING LTD
Serenity Specialist Care LimitedSelected, SERENITY SPECIALIST CARE LIMITED
St. Christophers FellowshipSelected, ST.CHRISTOPHERS FELLOWSHIP
RUBICON CHILDREN & FAMILY SERVICES LIMITEDSelected, RUBICON CHILDREN & FAMILY SERVICES LIMITED
Castlecare Cymru LimitedSelected, CASTLECARE CYMRU LIMITED
Thunderbolt Mobile LimitedSelected, THUNDERBOLT MOBILE LIMITED
Bridge Communities LimitedSelected, BRIDGE COMMUNITIES LIMITED
Aspire Child Care LtdSelected, ASPIRE CHILD CARE LTD
Appletree Treatment Centre LimitedSelected, APPLETREE TREATMENT CENTRE LIMITED
Rowden House School LimitedSelected, ROWDEN HOUSE SCHOOL LIMITED
Mangrove Care LimitedSelected, MANGROVE CARE LTD
CareTech Community Services LimitedSelected, CARETECH COMMUNITY SERVICES LIMITED
Lodge Group Care UK LimitedSelected, LODGE GROUP CARE UK LIMITED
Independent Living Services (North West) LimitedSelected, INDEPENDENT LIVING SERVICES (NORTH WEST) LIMITED
Our Place (2008) LtdSelected, OUR PLACE (2008) LIMITED
Kisimul Group LimitedSelected, KISIMUL GROUP LIMITED
Area Camden LtdSelected, AREA CAMDEN LIMITED
Constant Child Care LtdSelected, NEXT STEPS AFTERCARE LIMITED
Park Lane Residential Home LimitedSelected, PARK LANE RESIDENTIAL HOME LIMITED Dissolved
Supporting Futures LimitedSelected, SUPPORTING FUTURES LIMITED Dissolved
Maple Leaf Care LimitedSelected, MAPLE LEAF CARE LIMITED
Willows (Devon) LimitedSelected, WILLOWS (DEVON) LIMITED
Owned by an individualNo results Modify search term,
MIG House Residential Care Home LimitedSelected, MIG HOUSE RESIDENTIAL CARE HOME LIMITED
Westgate Lifestyle Project LimitedSelected, WESTGATE LIFESTYLE PROJECT LIMITED
Step-a-Side Company LimitedSelected, STEP-A-SIDE COMPANY LIMITED
Safehaven Residential and Respite Care LimitedSelected, SAFEHAVEN RESIDENTIAL AND RESPITE CARE LIMITED Dissolved
Sandcastle Care LtdSelected, SANDCASTLE CARE LTD
Norwood RavenswoodSelected, NORWOOD RAVENSWOOD
Harmony Childrens ServicesSelected, HARMONY CHILDREN'S SERVICES LIMITED
Satash Community Care Project LimitedSelected, SATASH COMMUNITY CARE PROJECT LIMITED
Kisimul Group LtdSelected, KISIMUL GROUP LIMITED
Cruckton Hall LimitedSelected, CRUCKTON HALL LIMITED
Catholic Care (Diocese of Leeds)Selected, CATHOLIC CARE (DIOCESE OF LEEDS)
The SENAD Group LimitedSelected, THE SENAD GROUP LIMITED
Progressive Futures Care LimitedSelected, PROGRESSIVE FUTURES CARE LIMITED
Amelias House LimitedSelected, AMELIA HOUSE LIMITED
Stanfield Care Services LimitedSelected, STANFIELD CARE SERVICES LIMITED In liquidation
Benjamin Uk LtdSelected, BENJAMIN UK LTD
PJL Healthcare LimitedSelected, PJL HEALTHCARE LIMITED
Horizon Care And Education Group LimitedSelected, HORIZON CARE AND EDUCATION GROUP LIMITED
Teen-Works Care LimitedSelected, TEEN-WORKS CARE LIMITED
Care Assist childrens Services LimitedSelected, CARE ASSIST CHILDRENS SERVICES LTD Dissolved
White Orchid Care LimitedSelected, WHITE ORCHID CARE LIMITED
Cherry Trees LimitedSelected, CHERRY TREES
Creating Care Choices LimitedSelected, CREATING CARE CHOICES LIMITED
Lynstead Childrens Services LtdSelected, LYNSTEAD CHILDRENS SERVICES LTD
Ruskin Mill Trust LimitedSelected, RUSKIN MILL TRUST LIMITED
BirtenshawSelected, BIRTENSHAW
Chances CCFSS LimitedSelected, CHANCES CCFSS LIMITED
Acorn childrens Home (Burton) LtdSelected, ACORN CHILDREN'S HOME (BURTON) LTD
Royal Mencap SocietySelected, ROYAL MENCAP SOCIETY
Choices 4 Children LtdSelected, CHOICES 4 CHILDREN LTD
Ingleside childrens Home LimitedSelected, INGLESIDE CHILDREN'S HOME LTD Dissolved
St Hill Establishments LtdSelected, ST HILL ESTABLISHMENTS LTD
Flying Spur LimitedSelected, FLYING SPUR LIMITED
Northern Life Care LimitedSelected, NORTHERN LIFE CARE LIMITED
The Senad Group LimitedSelected, THE SENAD GROUP LIMITED
Active 8 Care LtdSelected, KEYS ACTIVE 8 CARE LIMITED
Aston childrens Care LtdSelected, ASTON CHILDREN'S CARE LTD
New StartSelected, NEW START HIGHLAND
Child First LimitedSelected, CHILD FIRST LIMITED
Hesley Services LimitedSelected, HESLEY SERVICES LIMITED
Heartwood Residential Services LtdSelected, HEARTWOOD RESIDENTIAL SERVICES LTD
National Autistic SocietySelected, NATIONAL AUTISTIC SOCIETY(THE)
Footsteps Care Homes LimitedSelected, FOOTSTEPS CARE HOMES LIMITED
Duty of Care LimitedSelected, DUTY OF CARE LIMITED
Diverse Abilities Plus Ltd.Selected, DIVERSE ABILITIES PLUS LTD
The St Christopher SchoolSelected, SEN TRUST SOUTHEND
Country Care Childrens Homes LimitedSelected, COUNTRY CARE CHILDRENS HOMES LTD
Essandore LimitedSelected, ESSANDORE LIMITED
Anna House LimitedSelected, ANNA HOUSE LIMITED
Cherry Cottage LimitedSelected, CHERRY COTTAGE LIMITED Dissolved
Rushcliffe Specialist Schools (Mickleover) LtdSelected, RUSHCLIFFE SPECIALIST SCHOOLS (MICKLEOVER) LIMITED
Chartwell Care Services LtdSelected, CHARTWELL CARE SERVICES LIMITED
Options Autism (5) LimitedSelected, OPTIONS AUTISM (5) LIMITED
Stepping Stones childrens Services LimitedSelected, STEPPING STONES CHILDREN'S SERVICES LTD
John-Edwards Care Homes LtdSelected, JOHN-EDWARDS CARE HOMES LTD
Carehome LimitedSelected, ANCHOR CAREHOMES LIMITED Dissolved
Ownlife LimitedSelected, OWNLIFE LIMITED
PCT Care Services LimitedSelected, PCT CARE SERVICES LIMITED
New Horizons (stockport) LtdSelected, NEW HORIZONS (STOCKPORT) LTD
Nestlings Care LtdSelected, NESTLINGS CARE LTD
Continuum Support - Care Services LtdSelected, CONTINUUM SUPPORT - CARE SERVICES LTD
Jamores LimitedSelected, JAMORES LIMITED
After Care (N W) LimitedSelected, AFTER CARE (N W) LIMITED
R Place LimitedSelected, R PLACE LIMITED
Kites Children Services LtdSelected, KITES CHILDRENS SERVICES LIMITED
Autism Initiatives (UK)Selected, AUTISM INITIATIVES (UK)
Hamelin TrustSelected, HAMELIN TRUST
Lytham Care LimitedSelected, LYTHAM CARE LIMITED
Branas Isaf (holdings) LimitedSelected, BRANAS ISAF (HOLDINGS) LIMITED
Choices Home For Children LimitedSelected, CHOICES HOME FOR CHILDREN LIMITED
Praxis CareSelected, PRAXIS CARE
Chailey Heritage FoundationSelected, CHAILEY HERITAGE FOUNDATION
Greenacre Care Services LimitedSelected, GREENACRE CARE SERVICES LIMITED Dissolved
The Place Young Peoples CompanySelected, THE PLACE YOUNG PEOPLES COMPANY LIMITED
White Lodge CentreSelected, WHITE LODGE CENTRE
Whats Out There LimitedSelected, WHAT'S OUT THERE LIMITED
Tulip Care Two LimitedSelected, TULIP CARE TWO LIMITED
The Chiltern Centre for Disabled Children LimitedSelected, THE CHILTERN CENTRE LIMITED
Broadlands Hall LtdSelected, BROADLANDS HALL LIMITED
Oakfields childrens Care LimitedSelected, OAKFIELDS CHILDREN'S CARE LIMITED
Back on Track childrens Services SE LtdSelected, BACK ON TRACK CHILDREN'S SERVICES SE LTD
Quality Time Care LtdSelected, KEYS QTC LIMITED
Albrighton Care LtdSelected, ALBRIGHTON CARE LIMITED
Positive Steps (Care Services) LimitedSelected, POSITIVE STEPS (CARE SERVICES) LIMITED Dissolved
Young Alliance LimitedSelected, YOUNG ALLIANCE LIMITED
Young Foundations LimitedSelected, YOUNG FOUNDATIONS LIMITED
Living Life (UK) LimitedSelected, LIVING LIFE (UK) LIMITED
Kedleston (Wings Education) LimitedSelected, KEDLESTON (WINGS EDUCATION) LIMITED
KidsSelected, KIDS PLANET DAY NURSERIES LIMITED
OASIS CARE SERVICES LIMITEDSelected, OASIS CARE SERVICES LIMITED
Adecyn childrens Home LtdSelected, ADECYN CHILDREN'S HOME LTD
Tumblewood Project LtdSelected, WITHERSLACK WILTSHIRE LIMITED
Care Haven (UK) LtdSelected, CARE HAVEN (UK) LTD
The Roman Catholic Dioscese of Arundel and BrightonNo results Modify search term,
The Cuckfield Care Consultancy LimitedSelected, THE CUCKFIELD CARE CONSULTANCY LIMITED
Building Bridges Care Homes LtdSelected, BUILDING BRIDGES (CARE HOMES) LIMITED
Nurture Childcare Services LtdSelected, NURTURE CHILDCARE SERVICES LTD
Oak House Childrens Homes LtdSelected, OAK HOUSE CHILDRENS HOME LTD
Eagle childrens HomeSelected, EAGLE CHILDRENS HOME LIMITED
The Sheiling Special Education TrustSelected, THE SHEILING SPECIAL EDUCATION TRUST
2nd Nurture LtdSelected, 2ND NURTURE LIMITED
Talbot House School Newcastle Upon TyneSelected, TALBOT HOUSE CHILDREN'S CHARITY LIMITED
CASC (Barrow) LimitedSelected, CASC (BARROW) LIMITED
Langley House (Harwich) LimitedSelected, LANGLEY HOUSE (HARWICH) LIMITED Dissolved
Crusoe Care LimitedSelected, CRUSOE CARE LIMITED
Inspirations Leicestershire LimitedSelected, INSPIRATIONS LEICESTERSHIRE LIMITED
LivabilitySelected, LIVABILITY
Island Choices LtdSelected, ISLAND CHOICES LTD
Silverlining ChildcareSelected, STRENGTHENING SUPPORT SERVICES LTD
Social Care Services LimitedSelected, SOCIAL CARE SERVICES LIMITED
Laurel Leaf Homes LtdSelected, LAUREL LEAF HOMES LTD
J & R Care LimitedSelected, J & R CARE LIMITED
Arronbeth LtdSelected, ARRONBETH LTD
Able Health Care LimitedSelected, CANE & ABLE HEALTH CARE LIMITED In liquidation
Causeway Care Homes LtdSelected, CAUSEWAY CARE HOMES LTD
Tulip Care One LimitedSelected, TULIP CARE ONE LIMITED
The Rose Road AssociationSelected, THE ROSE ROAD ASSOCIATION
Adeza Care Homes LimitedSelected, ADEZA CARE HOMES LIMITED
A Significant Other LimitedSelected, A SIGNIFICANT OTHER LIMITED
Care 4 Children Residential Services LtdSelected, YOUR CHAPTER LIMITED
Absolute childrens Services LtdSelected, ABSOLUTE CHILDRENS SERVICES LTD
Beacon ChildCare LtdSelected, BEACON CHILDCARE LTD
Pathway Care Solutions Group LimitedSelected, PATHWAY CARE SOLUTIONS GROUP LIMITED
The Daughters of the Cross of LiegeSelected, THE CONGREGATION OF THE DAUGHTERS OF THE CROSS OF LIEGE
Aurora Care Young Peoples ServicesSelected, AURORA CARE YOUNG PEOPLE'S SERVICES LIMITED Dissolved
Footsteps To Futures LtdSelected, FOOTSTEPS TO FUTURES LIMITED
My Life-My Choice LimitedSelected, MY LIFE CHOICE LTD
Clouds childrens Care LimitedSelected, CLOUDS CHILDRENS CARE LIMITED
Exeter Royal Academy For Deaf EducationSelected, EXETER ROYAL ACADEMY FOR DEAF EDUCATION.
Barford childrens Services LimitedSelected, BARFORD CHILDREN'S SERVICES LIMITED Dissolved
Footsteps Care LimitedSelected, FOOTSTEPS CARE LIMITED
Kartikeya Solutions LimitedSelected, KARTIKEYA SOLUTIONS LIMITED
Platform Childcare LtdSelected, PLATFORM CHILDCARE LTD
Inmind Childrens Services LimitedSelected, INMIND CHILDREN'S SERVICES LIMITED Dissolved
RNIB CharitySelected, RNIB CHARITY
South West Childcare Services LtdSelected, SOUTH WEST CHILDCARE SERVICES LTD
Approach-Development (NE) LtdSelected, APPROACH-DEVELOPMENT (NE) LTD.
Family Child Care LtdSelected, HAPPY FAMILIES CHILD CARE LIMITED Dissolved
Kedleston (High Peak School) LimitedSelected, KEDLESTON (HIGH PEAK SCHOOL) LIMITED
Park Blue Homes LimitedSelected, PARK BLUE HOMES LIMITED
Serenity Care Homes LtdSelected, SERENITY CARE HOMES LTD
MacIntyre AcademiesSelected, MACINTYRE ACADEMIES
Kattz LtdSelected, KATTZ (AH) LTD
Positive Outcomes Childcare LtdSelected, POSITIVE OUTCOMES CHILDCARE LIMITED
North East Specialist Therapeutic Services CICSelected, NORTH EAST SPECIALIST THERAPEUTIC SERVICES CIC
Safe Base Care LimitedSelected, SAFE BASE CARE LIMITED
Hennessy Living Group LtdSelected, HENNESSY LIVING GROUP LIMITED
White Orchid Marston Moretaine LimitedSelected, WHITE ORCHID MARSTON MORETAINE LIMITED
Cambian Asperger Syndrome Services LimitedSelected, CAMBIAN ASPERGER SYNDROME SERVICES LIMITED
Exceptional Care LtdSelected, EXCEPTIONAL CARE LIMITED Dissolved
Life Change Care LimitedSelected, LIFE CHANGE CARE LTD
Carbrey Care LtdSelected, CARBREY CARE LTD
Holistic Approach LtdSelected, HOLISTIC APPROACH LTD
Icare childrens Services LtdSelected, ICARE CHILDRENS SERVICES LIMITED Dissolved
Tlc Youth Care LimitedSelected, TLC YOUTH CARE LIMITED
SLOUGH CHILDREN FIRST LIMITED ()Selected, SLOUGH CHILDREN FIRST LIMITED
Lonsdale Care LtdSelected, LONSDALE CARE LTD
Devon & Cornwall Autistic Community TrustSelected, DEVON & CORNWALL AUTISTIC COMMUNITY TRUST In liquidation
Companies (1)Select allModify search termSort by,RelevanceTurnoverNameRegistered numberNumber of employees
DEVON & CORNWALL AUTISTIC COMMUNITY TRUST In liquidation,
"c/o Francis Clark Llp, Centenary House, Peninsula Park, Exeter, Devon, EX2 7XE, England",
"Public Administration, Education, Health Social Services",
GB01662611,
14.4 m GBP turnover,
445 employees,
A&t Home LtdSelected, A & T HOMES LIMITED Dissolved
Quality Care Homes (uk) LimitedSelected, QUALITY CARE HOMES (UK) LIMITED
Sunderland Care And Support LimitedSelected, SUNDERLAND CARE AND SUPPORT LIMITED
Kennet Care LimitedSelected, KENNET CARE LIMITED
South West Mental Health LtdSelected, 1848 LTD
Next Stage 4 LifeSelected, NEXT STAGE 4 LIFE LTD
River Valley Care LtdSelected, RIVER VALLEY CARE LIMITED
Headway House LimitedSelected, HEADWAY HOUSE LIMITED Dissolved
Resolute Care LtdSelected, RESOLUTE CARE LTD
Hygge Care LimitedSelected, HYGGE CARE LTD
Potensial LtdSelected, POTENSIAL LIMITED
Broadwood Residential LtdSelected, KEYS BR LIMITED
Kingdom Care Childrens Homes LtdSelected, KEYS KIN LIMITED
Harmony Residential Homes LtdSelected, HARMONY RESIDENTIAL HOMES LTD
Thornleigh Camphill Communities LtdSelected, THORNLEIGH CAMPHILL COMMUNITIES LIMITED
Solent Child Care LtdSelected, SOLENT CHILD CARE LIMITED
Phoenix Care And Education LtdSelected, PHOENIX CARE & EDUCATION LTD
Personal Security Service LtdSelected, PERSONAL SECURITY SERVICE LTD Dissolved
Aurora Care and Education Opco LimitedSelected, AURORA CARE AND EDUCATION OPCO LIMITED
Sherlock Healthcare Services LtdSelected, SHERLOCK HEALTHCARE SERVICES LTD
In Safe Hands Care LtdSelected, IN SAFE HANDS CARE LTD
G.V Kids LtdSelected, G.V KIDS LTD Dissolved
Friends Together Care Homes LtdSelected, FRIENDS TOGETHER CARE HOMES LTD
The Percy Hedley FoundationSelected, THE PERCY HEDLEY FOUNDATION
Children Of The Mangrove LimitedSelected, CHILDREN OF THE MANGROVE LIMITED
Happy Group (UK) LimitedSelected, HAPPY GROUP (UK) LIMITED
Care 4 ChildrenSelected, YOUR CHAPTER HOLDINGS LIMITED
Care 4 Children Holdco LimitedSelected, YOUR CHAPTER HOLDINGS LIMITED
Treehouse Educare LimitedSelected, TREEHOUSE EDUCARE LIMITED
Future Focused LtdSelected, FUTURE FOCUSED LTD Dissolved
Headstart Care LLPSelected, HEADSTART CARE LLP Dissolved
Keir Lock childrens Homes LtdSelected, KEIR LOCK CHILDRENS HOMES LTD
Interactive Development Support LimitedSelected, INTERACTIVE DEVELOPMENT SUPPORT LIMITED
Fonjocks Social Work Practice LimitedSelected, FONJOCK'S SOCIAL WORK PRACTICE LIMITED
Inspire Care (uk) LimitedSelected, INSPIRE CARE (UK) LIMITED
Netheredge Care LimitedSelected, NETHEREDGE CARE LIMITED
EnhanceAbleSelected, ENHANCEABLE
Bayis Sheli LimitedSelected, BAYIS SHELI LTD
Newrays Care Services LtdSelected, NEWRAYS CARE SERVICES LIMITED Dissolved
Aspire Care And Education ServicesSelected, ASPIRE CARE AND EDUCATION SERVICES LIMITED
Evergreen childrens Home LtdSelected, EVERGREEN CHILDRENS HOME LTD
Altum Residential Care LtdSelected, ALTUM RESIDENTIAL CARE LTD
Chaigeley Educational FoundationSelected, CHAIGELEY EDUCATIONAL FOUNDATION
Caldecott Foundation LimitedSelected, THE CALDECOTT FOUNDATION LIMITED
Holly Lodge Home LimitedSelected, HOLLY LODGE HOME LTD
Sankofa Care LtdSelected, SANKOFA CARE LIMITED
No. 57 LtdSelected, NAMECO (NO.57) LIMITED
Stepping Stone childrens Homes LtdSelected, STEPPING STONES CHILDRENS HOMES LIMITED
My3 LtdSelected, MY3 LTD Dissolved
Haven Care Group LimitedSelected, HAVEN CARE GROUP LIMITED
Watermead Care LtdSelected, WATERMEAD CARE LTD
Partnerships In Care 1 LimitedSelected, PARTNERSHIPS IN CARE 1 LIMITED
West Cumbria Care And SupportSelected, WEST CUMBRIA CARE AND SUPPORT
Good News Nwk LtdSelected, GOOD NEWS NWK LTD
Resilience North East LimitedSelected, RESILIENCE NORTH EAST LIMITED
Little Belsteads Care Home LimitedSelected, LITTLE BELSTEADS CARE HOME LIMITED
Headway Adolescent Resources LtdSelected, HEADWAY ADOLESCENT RESOURCES LIMITED
Achieving Aspirations Community Interest CompanySelected, ACHIEVING ASPIRATIONS COMMUNITY INTEREST COMPANY
T-junction childrens Services LtdSelected, T-JUNCTION CHILDRENS SERVICES LTD
Paddock House LimitedSelected, PADDOCK HOUSE LIMITED Dissolved
The Norman Laud AssociationSelected, THE NORMAN LAUD ASSOCIATION Dissolved
The Spring childrens And Transitional Care LtdSelected, THE SPRING CHILDREN'S AND TRANSITIONAL CARE LTD Dissolved
Oaktree Childcare LtdSelected, OAKTREE CHILDCARE LIMITED
Advising Health And Social-Care LimitedSelected, ADVISING HEALTH AND SOCIAL-CARE LIMITED Dissolved
Homes 2 inspire LimitedSelected, HOMES 2 INSPIRE LIMITED
Smartcare Services LtdSelected, SMARTCARE SERVICES LIMITED
Together For Children Sunderland LimitedSelected, TOGETHER FOR CHILDREN SUNDERLAND LIMITED
Exitus Childrens Care LtdSelected, EXITUS CHILDRENS CARE LTD
The Good Support Group LtdSelected, THE GOOD SUPPORT GROUP LIMITED In liquidation
Cameron And Cooper LimitedSelected, CAMERON & COOPER LIMITED
Curam Domi Solutions LtdSelected, CURAM DOMI SOLUTIONS LTD
Ravensbourne ProjectSelected, RAVENSBOURNE PROJECT
Orchard Children Homes LimitedSelected, ORCHARD CHILDREN HOMES LTD
swan Cottage LimitedSelected, SWAN COTTAGE LIMITED
Happy Children Home LimitedSelected, HAPPY CHILDREN HOME LIMITED
Outbound Care LtdSelected, OUTBOUND CARE LIMITED
Aurora Asd LtdSelected, AURORA ASD LIMITED
Apex childrens Services LimitedSelected, APEX CHILDRENS SERVICES LTD
Autonomy Plus LimitedSelected, AUTONOMY PLUS LIMITED
Care 2 Share LimitedSelected, CARE 2 SHARE LIMITED
Stone lake London LimitedSelected, STONE LAKE LONDON LIMITED
ACCALIA CARE SERVICES LTDSelected, ACCALIA CARE SERVICES LTD
Bay Tree House (gravesend) LimitedSelected, BAY TREE HOUSE (GRAVESEND) LIMITED
Rite DirectionsSelected, RITE DIRECTIONS LTD
Friends & Co LimitedSelected, FRIENDS & CO LIMITED
Oasis Adolescent Services LimitedSelected, OASIS ADOLESCENT SERVICES LIMITED
Solid Global LimitedSelected, SOLID GLOBAL LIMITED
Ashwood childrens Care Home LtdSelected, ASHWOOD CHILDRENS CARE HOME LTD
Brythan House LimitedSelected, BRYTHAN HOUSE LIMITED
Flourish (gloucestershire) LimitedSelected, FLOURISH (GLOUCESTERSHIRE) LIMITED
Unseen UkSelected, UNSEEN (UK)
Care Perspectives LtdSelected, CARE PERSPECTIVES LIMITED
Dynamic Childcare LimitedSelected, HORIZON INDEPENDENT CARE LTD Dissolved
Impact For Change LtdSelected, IMPACT FOR CHANGE LTD
Autism Sussex LtdSelected, AUTISM SUSSEX LIMITED
4pureheart LimitedSelected, 4PUREHEART LIMITED
Seaside Care Homes LtdSelected, SEASIDE CARE HOMES LIMITED
Q PlusSelected, Q PLUS PLUS LIMITED Dissolved
Restoration Care & Services LimitedSelected, RESTORATION CARE & SERVICES LIMITED
Elysium Healthcare LtdSelected, ELYSIUM HEALTHCARE LIMITED
Soteria House LimitedSelected, SOTERIA HOUSE LIMITED Dissolved
Headstart Residential Care LtdSelected, HEADSTART RESIDENTIAL CARE LTD
K&g Care LtdSelected, K & G CARE LTD
GS Social Care Solutions LtdSelected, GS SOCIAL CARE SOLUTIONS LTD
Birmingham childrens Trust LimitedSelected, BIRMINGHAM CHILDREN'S TRUST COMMUNITY INTEREST COMPANY
Cambian Childcare LimitedSelected, CAMBIAN CHILDCARE LIMITED
Tlc Youth Care LtdSelected, TLC YOUTH CARE LIMITED
Keswick Care LtdSelected, KESWICK CARE LIMITED
A & T HOME LIMITEDSelected, A & T HOME LIMITED Dissolved
Hennessy Living Group LimitedSelected, HENNESSY LIVING GROUP LIMITED
Hygge Care LtdSelected, HYGGE CARE LTD
Bryn Melyn Care LimitedSelected, BRYN MELYN CARE LIMITED
Beacon ChildcareSelected, BEACON CHILDCARE LTD
Cove Care - Residential LimitedSelected, COVE CARE RESIDENTIAL LIMITED
Time-Out childrens Homes LtdSelected, TIMEOUT CHILDRENS HOMES LIMITED
South West Childcare ServicesSelected, SOUTH WEST CHILDCARE SERVICES LTD
Broadwood Educational Services LimitedSelected, KEYS EDUCATIONAL SERVICES LIMITED
Stepping Stones Childrens Homes LtdSelected, STEPPING STONES CHILDRENS HOMES LIMITED
Dmr Services LtdSelected, DMR SERVICES LIMITED
My3 LimitedSelected, MY3 LIMITED
West Cumbria Care and SupportSelected, WEST CUMBRIA CARE AND SUPPORT
Acorn childrens Home (Branston) LtdSelected, ACORN CHILDREN'S HOME (BRANSTON) LTD In liquidation
T-Junction childrens Services LtdSelected, T-JUNCTION CHILDRENS SERVICES LTD
Inspire Social Care Services LimitedSelected, RESTORATIVE SOCIAL CARE SERVICES LTD.
Homes 2 Inspire LimitedSelected, HOMES 2 INSPIRE LIMITED
Silverlining Childcare LimitedSelected, STRENGTHENING SUPPORT SERVICES LTD
Proactive Care (Manchester) LtdSelected, PROACTIVE CARE (MANCHESTER) LTD
Gravitas Care LtdSelected, GRAVITAS CARE LIMITED
Apex childrens ServicesSelected, APEX CHILDRENS SERVICES LTD
Albrighton CareSelected, ALBRIGHTON CARE HOMES LTD Dissolved
Skyline Child Care LtdSelected, SKYLINE CHILD CARE LIMITED
Positive Individual Proactive Support LimitedSelected, POSITIVE INDIVIDUAL PROACTIVE SUPPORT LIMITED
Horizon Transitional Care LtdSelected, HORIZON TRANSITIONAL CARE LTD
Woodford childrens Home LtdSelected, WOODFORD CHILDREN'S HOME LIMITED
Garway Young People LtdSelected, GARWAY YOUNG PEOPLE LIMITED
Nurture Me Psychological Services LimitedSelected, NURTURE ME PSYCHOLOGICAL SERVICES LTD
Tab Care And Support LimitedSelected, TAB CARE AND SUPPORT LTD
STEP UP CHILDREN AND FAMILY SERVICES LIMITEDSelected, STEP UP CHILDREN AND FAMILY SERVICES LIMITED
Options Autism (4) LtdSelected, OPTIONS AUTISM (4) LIMITED
Discovered LimitedSelected, DISCOVERED LIMITED Dissolved
Tees-Valley Care LimitedSelected, TEES-VALLEY CARE LIMITED
Heathcotes Cs LtdSelected, HEATHCOTES CS LIMITED
Birmingham childrens Trust Community Interest CompanySelected, BIRMINGHAM CHILDREN'S TRUST COMMUNITY INTEREST COMPANY
Evoke Care LimitedSelected, EVOKE CARE GROUP LIMITED
The Mulberry Bush Organisation LtdSelected, THE MULBERRY BUSH ORGANISATION LIMITED
Invested Childcare LimitedSelected, INVESTED CHILDCARE LTD
Acorn childrens Homes (Branston) LtdSelected, ACORN CHILDREN'S HOME (BRANSTON) LTD In liquidation
All Round Care LtdSelected, ALL ROUND CARE LTD
Inspire Social Care Services LtdSelected, RESTORATIVE SOCIAL CARE SERVICES LTD.
De Novo Care LtdSelected, 'DE NOVO' CARE LTD
New Roots childrens ServicesSelected, NEW ROOTS CHILDREN'S SERVICES LIMITED
Genesis CTE LtdSelected, GENESIS CTE LIMITED
Blue Elephant Childcare LtdSelected, BLUE ELEPHANT CHILDCARE LTD
Mig House Residential Care Home LtdSelected, MIG HOUSE RESIDENTIAL CARE HOME LIMITED
Aspire House LtdSelected, ASPIRE HOUSE LTD
Smooth stone Care And Education LtdSelected, SMOOTH STONE CARE AND EDUCATION LIMITED
First Blue Healthcare LimitedSelected, FIRST BLUE HEALTHCARE LIMITED
Lioncare LtdSelected, LIONCARE LIMITED
Milestones Care Homes LtdSelected, MILESTONES CARE HOMES LTD
Ivie Lodge LtdSelected, IVIE LODGE LIMITED
St Elizabeths CentreSelected, ST ELIZABETH'S CENTRE
Progressive Care LimitedSelected, PROGRESSIVE CARE LIMITED
Keys Child Care LimitedSelected, KEYS CHILD CARE LIMITED
Care Afloat LtdSelected, CARE AFLOAT LTD.
Keys Education LtdSelected, KEYS EDUCATION LIMITED
MacIntyreSelected, MACINTYRE HUDSON LLP
Future In MindSelected, FUTURE IN MIND LIMITED
Mr Jim Buchanan & Mrs Ivy ThompsonNo results Modify search term,
Crystal Care SolutionsSelected, CRYSTAL CARE SOLUTIONS LIMITED
Full Circle Care LtdSelected, FULL CIRCLE CARE LTD
Able Health Care LtdSelected, CANE & ABLE HEALTH CARE LIMITED In liquidation
Teen-Works Care LtdSelected, TEEN-WORKS CARE LIMITED
Adecyn Childrens Homes LtdSelected, ADECYN CHILDREN'S HOME LTD
Inspirations Leicestershire LtdSelected, INSPIRATIONS LEICESTERSHIRE LIMITED
Continuum Support Care Services LtdSelected, CONTINUUM SUPPORT - CARE SERVICES LTD
Back On Track childrens Services Se Ltd.Selected, BACK ON TRACK CHILDREN'S SERVICES SE LTD
Steps 4 Life Care LimitedSelected, STEPS 4 LIFE CARE LTD
Absolute Childrens Services LtdSelected, ABSOLUTE CHILDRENS SERVICES LTD
ACCALIA CARE SERVICES LTD.Selected, ACCALIA CARE SERVICES LTD
North East Specialist Therapeutic Services CicSelected, NORTH EAST SPECIALIST THERAPEUTIC SERVICES CIC
United Health LimitedSelected, YCH (NO.2) PLC Dissolved
Clouds childrens Care LtdSelected, CLOUDS CHILDRENS CARE LIMITED
Keys BR LimitedSelected, KEYS BR LIMITED
SLOUGH CHILDREN FIRST LIMITEDSelected, SLOUGH CHILDREN FIRST LIMITED
A & T Home LimitedSelected, A & T HOME LIMITED Dissolved
Acorn Homes (uk) LimitedSelected, ACORN HOMES (UK) LIMITED
Next Stage 4 Life LtdSelected, NEXT STAGE 4 LIFE LTD
Inspire Childrens ServicesSelected, INSPIRE CHILDRENS SERVICES LIMITED
Resolute CareSelected, RESOLUTE CARE LTD
Keys KIN LtdSelected, KEYS KIN LIMITED
Moonreach LimitedSelected, MOONREACH LIMITED
Meadows Care LimitedSelected, MEADOWS CARE LIMITED
Pss Care Group LimitedSelected, PSS CARE GROUP LIMITED
Beacon Childcare LimitedSelected, BEACON CHILDCARE LTD
Total Care Matters LtdSelected, TOTAL CARE MATTERS LTD
Lytham Care LtdSelected, LYTHAM CARE LIMITED
Happy Group (uk) LimitedSelected, HAPPY GROUP (UK) LIMITED
Keys Educational Services LimitedSelected, KEYS EDUCATIONAL SERVICES LIMITED
Keys Direct Care LimitedSelected, KEYS DIRECT CARE LIMITED
The Place Young Peoples Company LimitedSelected, THE PLACE YOUNG PEOPLES COMPANY LIMITED
Wessex College LimitedSelected, WESSEX COLLEGE LIMITED
Keys Care LtdSelected, KEYS CARE LIMITED
Phoenix Learning & Care Holdings LimitedSelected, PHOENIX LEARNING & CARE HOLDINGS LIMITED
Blue Mountain Homes LimitedSelected, BLUE MOUNTAIN HOMES LTD.
Keys Cwc LtdSelected, KEYS CWC LIMITED
New Forest CareSelected, NEW FOREST CARE LIMITED
Unity Residential Care Services LimitedSelected, UNITY RESIDENTIAL CARE SERVICES LIMITED
Homes 2 Inspire LtdSelected, HOMES 2 INSPIRE LIMITED
Orchard Children Homes LtdSelected, ORCHARD CHILDREN HOMES LTD
Apex Childrens ServicesSelected, APEX CHILDRENS SERVICES LTD
Social Care Services LtdSelected, RESTORATIVE SOCIAL CARE SERVICES LTD.
Care 2 Share LtdSelected, CARE 2 SHARE LIMITED
4PureHeart LimitedSelected, 4PUREHEART LIMITED
Keys Nhcc LtdSelected, KEYS NHCC LIMITED
Oak Childcare PlusSelected, OAK CHILDCARE PLUS LIMITED
Invested Childcare LtdSelected, INVESTED CHILDCARE LTD
Osei Minkah Care LtdSelected, OSEI MINKAH CARE LIMITED Dissolved
United childrens Services LimitedSelected, UNITED CHILDREN'S SERVICES LIMITED
Keys QTC LimitedSelected, KEYS QTC LIMITED
Wrottesley Care LimitedSelected, WROTTESLEY CARE LIMITED
Joshs Place LimitedSelected, AR CURAM LIMITED
Willows LullSelected, WILLOWS LULL
Hazelmont Social Care LtdSelected, HAZELMONT SOCIAL CARE LIMITED
Jigsaw Therapeutic Care LimitedSelected, JIGSAW THERAPEUTIC CARE LTD
Changing Lives Care Group LimitedSelected, CHANGING LIVES CARE GROUP LTD
Wyncare LimitedSelected, WYNN HOMES LIMITED
1848 LtdSelected, CARDIAC SCIENCE HOLDINGS (UK) LIMITED Dissolved
Cornerways Care LtdSelected, CORNERWAYS CARE LTD
Accalia Care Services LtdSelected, ACCALIA CARE SERVICES LTD
Protea Care LtdSelected, PRO SUPPORT LTD
Harmony Childcare Residential Homes LtdSelected, HARMONY CHILDCARE RESIDENTIAL HOMES LTD
A&m Care Solutions Ltd -Selected, A&M CARE SOLUTIONS LTD
Heartwood Rsc LtdSelected, HEARTWOOD RSC LTD
Care Today Childrens ServicesSelected, CARE TODAY (CHILDRENS SERVICES) LTD
Vitality Care Residential LimitedSelected, VITALITY CARE RESIDENTIAL LIMITED
4 Keys Care LtdSelected, 4 KEYS CARE LTD Dissolved
Nuevavida Ne LtdSelected, NUEVAVIDA NE LTD
Brighter Futures For ChildrenSelected, BRIGHTER FUTURES FOR CHILDREN LIMITED
St Josephs Specialist TrustSelected, ST JOSEPH'S SPECIALIST TRUST
Pcf Residential Childcare LtdSelected, PCF RESIDENTIAL CHILDCARE LTD
Solace Care Partners LimitedSelected, SOLACE CARE PARTNERS LTD
Cherished And Devoted CareSelected, CHERISHED AND DEVOTED CARE LTD Dissolved
Solace For ChildrenSelected, SOLACE FOR CHILDREN LIMITED
Andover And District MencapSelected, PURPLE OAK SUPPORT
YMCA LEICESTERSHIRESelected, YMCA LEICESTERSHIRE
Abbey Green Therapeutic childrens Services LtdSelected, ABBEY GREEN THERAPEUTIC CHILDREN'S SERVICES LTD
Acorn Residential Care LtdSelected, ACORN RESIDENTIAL CARE LTD
Nml Care LtdSelected, NML CARE LIMITED
Leeward Care LtdSelected, LEEWARD CARE LIMITED In liquidation
Hand In Hand Childcare LtdSelected, HAND IN HAND CHILDCARE LTD
Pelican Care Group LtdSelected, PELICAN CARE GROUP LTD
5ab Care LtdSelected, 5AB CARE LTD
Prime Adolescence LimitedSelected, PRIME ADOLESCENCE LIMITED Dissolved
ROC FAMILY TIME LIMITEDSelected, ROC FAMILY TIME LIMITED
SBL CARESERVICES (uk) LtdSelected, SBL CARESERVICES (UK) LTD
CEDARWAYS RESIDENTIAL CHILD CARE LARKHILL HOUSE LIMITEDSelected, CEDARWAYS RESIDENTIAL CHILD CARE LARKHILL HOUSE LIMITED
Interactive Development Residential LimitedSelected, INTERACTIVE DEVELOPMENT RESIDENTIAL LIMITED Dissolved
Orbis Education And Care LimitedSelected, ORBIS EDUCATION AND CARE LIMITED
New Futures (children) ServicesSelected, NEW FUTURES (CHILDREN) SERVICES LTD
Investing In Children CicSelected, INVESTING IN CHILDREN CIC
Florinee Homes LtdSelected, FLORINEE HOMES LTD
Longboat Special Education LtdSelected, LONGBOAT SPECIAL EDUCATION LTD.
Absolute childrens Care LimitedSelected, ABSOLUTE CHILDRENS CARE LTD
Ivory Cottage LtdSelected, IVORY COTTAGE LTD
Homes For Support LtdSelected, HOMES FOR SUPPORT LTD
Jasmine Gardens Private LtdSelected, JASMINE GARDENS PRIVATE LTD
Above And Beyond Residential Care LtdSelected, ABOVE AND BEYOND RESIDENTIAL CARE LTD Dissolved
Heartwood Rsl LtdSelected, HEARTWOOD RSL LTD
Mutual Care LimitedSelected, MUTUAL CARE LIMITED
Fusion College LtdSelected, FUSION COLLEGE LTD
Sea SanctuarySelected, ARC HEALTHCARE SOUTHWEST
Higher Hopes LtdSelected, HIGHER HOPES LTD
Cascade (Banks House) LimitedSelected, CASCADE (BANKS HOUSE) LIMITED
Cf Support Services LimitedSelected, CF SUPPORT SERVICES LIMITED
Bay View Child Care LtdSelected, BAY VIEW CHILD CARE LIMITED
Brinscall Care LimitedSelected, BRINSCALL CARE LIMITED
Lighthouse Southwest LtdSelected, LIGHTHOUSE SOUTHWEST LTD
Kattz (yh) LtdSelected, KATTZ (YH) LTD
Tressell Homes LtdSelected, TRESSELL HOMES LTD
Pure Care Homes LtdSelected, PURE CARE HOMES LTD
Proactive CareSelected, PROACTIVE CARE SERVICES LIMITED Dissolved
Footsteps A Path To Change 08 LtdSelected, FOOTSTEPS A PATH TO CHANGE 08 LIMITED
Jasper Education And Support Services LimitedSelected, JASPER EDUCATION AND SUPPORT SERVICES LIMITED
Octagon Care LtdSelected, OCTAGON CARE LTD
Caretech Community Services LimitedSelected, CARETECH COMMUNITY SERVICES LIMITED
Keys Stepping Stones LimitedSelected, KEYS STEPPING STONES LIMITED
The Partnership of The Chartwell GroupNo results Modify search term,
Overley Hall LimitedSelected, OVERLEY HALL LIMITED
Seashell TrustSelected, SEASHELL TRUST
After Care Nw LimitedSelected, AFTER CARE (N W) LIMITED
Keys Active 8 Care LtdSelected, KEYS ACTIVE 8 CARE LIMITED
Keys ACE LimitedSelected, KEYS ACE LIMITED
The Vine Residential Services (tvrs) Ltd.Selected, THE VINE RESIDENTIAL SERVICES (TVRS) LTD
Physis QuantumSelected, PHYSIS QUANTUM LIMITED
Oak house Childrens Home LtdSelected, OAK HOUSE CHILDRENS HOME LTD
Serenity Specialist Care LtdSelected, SERENITY SPECIALIST CARE LIMITED
Kattz (AH) LtdSelected, KATTZ (AH) LTD
Cherish childrens Care LtdSelected, CHERISH CHILDRENS CARE LTD
Footsteps To Futures LimitedSelected, FOOTSTEPS TO FUTURES LIMITED
DMR Services LtdSelected, DMR SERVICES LIMITED
Willows(Devon)LtdSelected, WILLOWS (DEVON) LIMITED
Halliwell HomesSelected, HALLIWELL HOMES LIMITED
Union House Nw LtdSelected, UNION HOUSE NW LTD
Calcot Services For Children LtdSelected, CALCOT SERVICES FOR CHILDREN LIMITED
Bay View Child CareSelected, BAY VIEW CHILD CARE LIMITED
Thrive Childcare Services LtdSelected, THRIVE CHILDCARE SERVICES LTD
Conquered LimitedSelected, CONQUERED LIMITED Dissolved
Champion Children (fig Tree) LimitedSelected, CHAMPION CHILDREN (FIG TREE) LIMITED
The National Centre For Young People With EpilepsySelected, THE NATIONAL CENTRE FOR YOUNG PEOPLE WITH EPILEPSY CHARITABLE TRUST
Strive To Care LTDSelected, STRIVE TO CARE LTD
Nugent Care 2019Selected, NUGENT CARE 2019
Zone Central LtdSelected, ZONE CENTRAL LTD
New Horizons-(stockport) LtdSelected, NEW HORIZONS (STOCKPORT) LTD
Carlar Care LimitedSelected, CARLAR CARE LIMITED
Sunrise Hill Care Ltd.Selected, SUNRISE HILL CARE LTD
Stepping Stones Childrens Homes LimitedSelected, STEPPING STONES CHILDRENS HOMES LIMITED
Solace Care 7kings LtdSelected, SOLACE CARE 7KINGS LTD
Young Foundations LtdSelected, YOUNG FOUNDATIONS LIMITED
Horizon Care and Education Group LimitedSelected, HORIZON CARE AND EDUCATION GROUP LIMITED
Smooth Stone Care & Education LtdSelected, SMOOTH STONE CARE AND EDUCATION LIMITED
Inspire Care (UK) LimitedSelected, INSPIRE CARE (UK) LIMITED
Together for Children Sunderland LimitedSelected, TOGETHER FOR CHILDREN SUNDERLAND LIMITED
ROC NorthwestSelected, ROC NORTHWEST LIMITED
Pebbles Care LimitedSelected, PEBBLES CARE LIMITED
Child First LtdSelected, CHILD FIRST LIMITED
Gracewells Care LimitedSelected, GRACEWELLS CARE LIMITED
Hopscotch Care LtdSelected, HOPSCOTCH CARE LIMITED
Hillcrest childrens Services (2) LimitedSelected, HILLCREST CHILDRENS SERVICES (2) LIMITED
Keys QTCSelected, KEYS QTC LIMITED
Apex Childrens Services LtdSelected, APEX CHILDRENS SERVICES LTD
Budwood LimitedSelected, BUDWOOD LIMITED
Stepping Stones Care (Midlands) LimitedSelected, STEPPING STONES CARE (MIDLANDS) LIMITED
Inspirations Care LimitedSelected, INSPIRATION CARE LIMITED
Monarch Intervention Services LimitedSelected, MONARCH INTERVENTION SERVICES LIMITED
Arc HD Services LtdSelected, ARC HD SERVICES LIMITED
Attivo Care LtdSelected, ATTIVO CARE LIMITED
Pasture View Nurturing Homes LtdSelected, PASTURE VIEW NURTURING HOMES LTD.
Advanced Adolescent Care Solutions LtdSelected, ADVANCED ADOLESCENT CARE SOLUTIONS LIMITED
Sw Education & CareSelected, SW EDUCATION & CARE LTD
ASTON childrens CARE LTDSelected, ASTON CHILDREN'S CARE LTD
Channels & Choices Kent LLPSelected, CHANNELS AND CHOICES KENT LLP
Semi-Independent House LtdSelected, SEMI-INDEPENDENT HOUSE LIMITED
Enhanced Young Persons Care LtdSelected, ENHANCED YOUNG PERSONS' CARE LIMITED
New Horizons (nw) ltdSelected, NEW HORIZONS (NW) LTD
Achieving Aspirations COMMUNITY INTEREST COMPANYSelected, ACHIEVING ASPIRATIONS COMMUNITY INTEREST COMPANY
KESWICK CARE LTDSelected, KESWICK CARE LIMITED
Spring Meadow childrens HomeSelected, SPRING MEADOW CHILDRENS HOME LTD In liquidation
Laska Care And Education LtdSelected, LASKA CARE AND EDUCATION LTD
South West Complex Care ServicesSelected, SOUTH WEST COMPLEX CARE SERVICES LTD
Gordon Care Services LimitedSelected, GORDON CARE SERVICES LIMITED
Children & Adolescents Placement Provisions LtdSelected, CHILDREN & ADOLESCENTS PLACEMENT PROVISIONS LTD
Hill Top Childrens Care LimitedSelected, HILL TOP CHILDRENS CARE LIMITED
Timeout Childrens Homes LtdSelected, TIMEOUT CHILDRENS HOMES LIMITED
Anderida Adolescent Care LtdSelected, ANDERIDA ADOLESCENT CARE LIMITED
Next Stage 4 Life LTDSelected, NEXT STAGE 4 LIFE LTD
Worcestershire Children FirstSelected, WORCESTERSHIRE CHILDREN FIRST
Homes For Support LimitedSelected, HOMES FOR SUPPORT LTD
Social Care Services ( clayton ) LtdSelected, SOCIAL CARE SERVICES (CLAYTON) LIMITED
XYP Childcare LimitedSelected, XYP CHILDCARE LIMITED
Swan childrens Homes LtdSelected, SWAN CHILDREN'S HOMES LTD
Sunlight childrens Care LimitedSelected, SUNLIGHT CHILDREN'S CARE LIMITED
Positive Outcomes Childcare LimitedSelected, POSITIVE OUTCOMES CHILDCARE LIMITED
Footsteps to Futures LimitedSelected, FOOTSTEPS TO FUTURES LIMITED
Penn Inspires LtdSelected, PENN INSPIRES LTD
Oak house Childrens Home LtdSelected, OAK HOUSE CHILDRENS HOME LTD
SBL CARESERVICES (UK) LTDSelected, SBL CARESERVICES (UK) LTD
Vcare - 24 LimitedSelected, VCARE-24 LIMITED
Holywell childrens Services LimitedSelected, HOLYWELL CHILDREN'S SERVICES LIMITED
Aspiration House LtdSelected, ASPIRATION HOUSE LIMITED
A-Triangle Care LtdSelected, A-TRIANGLE CARE LTD
Omega Care Group LtdSelected, OMEGA CARE GROUP LTD
Phoenix Childcare LtdSelected, PHOENIX CHILDCARE LIMITED
Pure Care Homes ltdSelected, PURE CARE HOMES LTD
Pathways Care GroupSelected, PATHWAYS CARE GROUP LIMITED
Lakeside@OurPlace LimitedSelected, LAKESIDE@OURPLACE LIMITED
Flourish (Gloucestershire) LimitedSelected, FLOURISH (GLOUCESTERSHIRE) LIMITED
Educare Support LimitedSelected, EDUCARE SUPPORT LIMITED
Safe Places For Children UkSelected, SAFE PLACES FOR CHILDREN UK
Berry Gifford LtdSelected, BERRY GIFFORD LTD
Cherish childrens CareSelected, CHERISH CHILDRENS CARE LTD
Haven Care Group LtdSelected, HAVEN CARE GROUP LIMITED
Restorative social care services ltdSelected, RESTORATIVE SOCIAL CARE SERVICES LTD.
Blossom Care Group LtdSelected, BLOSSOM CARE GROUP LIMITED
Flourish childrens Services LimitedSelected, FLOURISH CHILDRENS SERVICES LIMITED
Nirmal Homes LtdSelected, NIRMAL HOMES LIMITED
CASC (BARROW) LIMITEDSelected, CASC (BARROW) LIMITED
Progress childrens Services LimitedSelected, PROGRESS CHILDREN'S SERVICES LIMITED
Mercia Children Services LimitedSelected, MERCIA CHILDREN SERVICES LIMITED
Care 4 Every Child LimitedSelected, CARE 4 EVERY CHILD LIMITED
Options Autism (1) LimitedSelected, OPTIONS AUTISM (1) LIMITED
Nottinghamshire YMCASelected, YMCA ROBIN HOOD GROUP
Tab Care and Support LtdSelected, TAB CARE AND SUPPORT LTD
Above and Beyond Residential Care ltdSelected, ABOVE AND BEYOND RESIDENTIAL CARE LTD Dissolved
Bttlr LimitedSelected, BTTLR LIMITED
Guidance Care LimitedSelected, GUIDANCE CARE LIMITED
Windows For Children LtdSelected, WINDOWS FOR CHILDREN LIMITED
Smartcare ServicesSelected, SMARTCARE SERVICES LIMITED
Hand In Hand ChildcareSelected, HAND IN HAND CHILDCARE LLP Dissolved
Keys Child Care LtdSelected, KEYS CHILD CARE LIMITED
Heartwood RSC LtdSelected, HEARTWOOD RSC LTD
Paramount Children Care LtdSelected, PARAMOUNT CHILDREN CARE LTD
Anchor Care and Education LimitedSelected, ANCHOR CARE AND EDUCATION LTD
The Hesley Group LimitedSelected, THE HESLEY GROUP LIMITED
Northern Community Pathways childrens Residential Services LimitedSelected, NORTHERN COMMUNITY PATHWAYS CHILDREN'S RESIDENTIAL SERVICES LTD
Achieving For Children Community Interest CompanySelected, ACHIEVING FOR CHILDREN COMMUNITY INTEREST COMPANY
Sozo Care Homes LimitedSelected, SOZO CARE HOMES LIMITED In liquidation
Aspire 2 Be LtdSelected, ASPIRE 2 BE LTD
Midas Manors LtdSelected, MIDAS MANORS LTD
Assure Care Homes LtdSelected, ASSURE CARE HOMES LTD
Compass childrens Homes Kent LimitedSelected, COMPASS CHILDREN'S HOMES KENT LIMITED
Gracebridge Care LimitedSelected, GRACEBRIDGE CARE LIMITED
Fonjocks Social Work PracticeSelected, FONJOCK'S SOCIAL WORK PRACTICE LIMITED
Country Care Childrens Homes LtdSelected, COUNTRY CARE CHILDRENS HOMES LTD
Bfg Together LimitedSelected, BFG TOGETHER LTD
Mutual Care LtdSelected, MUTUAL CARE LIMITED
Changing Lives Care Group LtdSelected, CHANGING LIVES CARE GROUP LTD
Solace for Children LtdSelected, SOLACE FOR CHILDREN LIMITED
Care Today (Childrens Services) LtdSelected, CARE TODAY (CHILDRENS SERVICES) LTD
R G CARE LTDSelected, R G CARE LTD.
HUNTERCOMBE YOUNG PEOPLE LTDSelected, ACTIVE YOUNG PEOPLE LIMITED
Consistent Quality Support LtdSelected, CONSISTENT QUALITY SUPPORT LTD
A & S childrens Services LTDSelected, A & S CHILDRENS SERVICES LTD
Blossom childrens Homes LimitedSelected, BLOSSOM CHILDREN'S HOMES LIMITED
GAC FAMILY SERVICES LIMITEDSelected, GAC FAMILY SERVICES LIMITED
Northwest Youth Services LimitedSelected, NORTHWEST YOUTH SERVICES LTD
Highlands (Fareham) LimitedSelected, HIGHLANDS (FAREHAM) LIMITED
Indigo childrens Care Homes LtdSelected, INDIGO CHILDRENS CARE HOMES LTD
Connect Care Solutions LimitedSelected, CONNECT CARE SOLUTIONS LIMITED
Paramount childrens Services LtdSelected, PARAMOUNT CHILDREN'S SERVICES LTD
Solace Care Redbridge LtdSelected, SOLACE CARE REDBRIDGE LTD
Rainbows Corner LtdSelected, RAINBOW CORNER LIMITED Dissolved
Onextra Care LtdSelected, ONEXTRA CARE LTD
PCF Residential Childcare LtdSelected, PCF RESIDENTIAL CHILDCARE LTD
Pathways Residential Child Care LimitedSelected, PATHWAYS RESIDENTIAL CHILD CARE LIMITED Dissolved
Hmo Ne LtdSelected, HMO NE LTD
Empower Support Services LimitedSelected, EMPOWER FAMILY SUPPORT SERVICES LTD Dissolved
Horizon Transitional Care LimitedSelected, HORIZON TRANSITIONAL CARE LTD
Kelwel Care LimitedSelected, KELWEL CARE LIMITED
Champion Children (NW London) LimitedSelected, CHAMPION CHILDREN (NW LONDON) LIMITED
Barnardo Services LimitedSelected, BARNARDO SERVICES LIMITED
Nisa Care Home LimitedSelected, NISA CARE HOME LIMITED
Casaegis LtdSelected, CASAEGIS LIMITED
Juventas Services LimitedSelected, JUVENTAS SERVICES LIMITED
Wynford House LtdSelected, WYNFORD HOUSE LTD Dissolved
Pilgrim Extra Care LtdSelected, PILGRIMAGE SHORT STAY RECOVERY UNITS LTD
Lavender Grove Cares LimitedSelected, LAVENDER GROVE CARES LTD.
Capital Childrens Care LtdSelected, CAPITAL CHILDREN'S CARE LTD
CF Support Services LimitedSelected, CF SUPPORT SERVICES LIMITED
J&r Care LimitedSelected, J & R CARE LIMITED
Safe Haven Adolescent Care Group LtdSelected, SAFE HAVEN ADOLESCENT CARE GROUP LIMITED
Clervaux Garden SchoolSelected, CLERVAUX GARDEN SCHOOL
Senad LimitedSelected, SENAD LIMITED
TJY Care LtdSelected, TJY CARE LTD
Coastal Quality Care LtdSelected, COASTAL QUALITY CARE LTD
Alexanders House LtdSelected, ALEXANDERS HOUSE LTD.
Unique Care Group LimitedSelected, UNIQUE CARE GROUP LTD
G&SCARING FORCHILDREN AND YOUNG PEOPLE LTDSelected, G&SCARING FORCHILDREN AND YOUNG PEOPLE LTD
T. How Homely LimitedSelected, T. HOW HOMELY LIMITED
Chillington CloseSelected, CHILLINGTON CLOSE LTD
Rite Directions LtdSelected, RITE DIRECTIONS LTD
Evoke Care LtdSelected, EVOKE CARE GROUP LIMITED
Child First Residential LTDSelected, CHILD FIRST RESIDENTIAL LTD
Raise House LimitedSelected, RAISE HOUSE LIMITED
The Open Care Group LimitedSelected, THE OPEN CARE GROUP LIMITED
Overley Hall LimitedSelected, OVERLEY HALL LIMITED
iMap centre LtdSelected, IMAP CENTRE LIMITED
Willows 21 LimitedSelected, WILLOWS 21 LTD
Castle Care Homes LtdSelected, CASTLE CARE HOMES LTD
Madiba LimitedSelected, MADIBA LIMITED Dissolved
247 Bluebell Care LTDSelected, 247 BLUEBELL CARE LIMITED
VITA NOVA NE LTDSelected, VITA NOVA NE LTD
One Step Care LimitedSelected, ONE STEP CARE LIMITED Dissolved
Woodford childrens Services LtdSelected, WOODFORD CHILDREN'S SERVICES LIMITED
Hazelmont Social Care LimitedSelected, HAZELMONT SOCIAL CARE LIMITED
Pbs Care Homes LtdSelected, PBS CARE HOMES LTD
Almond Care childrens Services LimitedSelected, ALMOND CARE CHILDRENS SERVICES LIMITED
Future 19 Social Care LimitedSelected, FUTURE 19 SOCIAL CARE LIMITED
Seva Childcare LtdSelected, SEVA CHILDCARE LTD
New Beginnings Young Peoples Care And Support Services LtdSelected, NEW BEGINNINGS YOUNG PEOPLE'S CARE AND SUPPORT SERVICES LTD
D & J Care Services-Residential LtdSelected, D&J CARE SERVICES-RESIDENTIAL LTD
Eventus Achieves LimitedSelected, EVENTUS ACHIEVES LIMITED Dissolved
Dorset Emergency Placement Services Ltd.Selected, DORSET EMERGENCY PLACEMENT SERVICES LTD. In liquidation
Kennedy And Elliott Partnership LlpSelected, KENNEDY AND ELLIOTT PARTNERSHIP LLP
Stepping Stones Care LtdSelected, STEPPING STONES CARE LIMITED
Innovate Therapeutic Care LimitedSelected, INNOVATE THERAPEUTIC CARE LIMITED Dissolved
Invigor Adolescent Care LimitedSelected, INVIGOR ADOLESCENT CARE LIMITED
Cascade (banks House) LimitedSelected, CASCADE (BANKS HOUSE) LIMITED
Hazelmont Care LtdSelected, HAZELMONT CARE LIMITED
Allinonecare LimitedSelected, ALLINONECARE LTD
James Kids Home LtdSelected, JAMES KIDS HOME LTD
Care 4 Children Residential Services LimitedSelected, YOUR CHAPTER LIMITED
Witherslack GroupSelected, WITHERSLACK GROUP LIMITED
Aspris childrens Services LimitedSelected, ASPRIS CHILDREN'S SERVICES LIMITED
YMCA ROBIN HOOD GROUPSelected, YMCA ROBIN HOOD GROUP
TLC Youth Care LtdSelected, TLC YOUTH CARE LIMITED
Slough Children First LimitedSelected, SLOUGH CHILDREN FIRST LIMITED
Acorn Homes (UK) LtdSelected, ACORN HOMES (U.K.) LIMITED Dissolved
Hexagon Care Services LtdSelected, HEXAGON CARE SERVICES LIMITED
Compass Childrens Homes LimitedSelected, COMPASS CHILDREN'S HOMES LIMITED
Thornleigh Camphill Communities LimitedSelected, THORNLEIGH CAMPHILL COMMUNITIES LIMITED
Cambian Autism Services LtdSelected, CAMBIAN AUTISM SERVICES LIMITED
Exceptional Care LimitedSelected, EXCEPTIONAL CARE LIMITED Dissolved
solent Child care LTDSelected, SOLENT CHILD CARE LIMITED
Phoenix Care & Education LtdSelected, PHOENIX CARE & EDUCATION LTD
Kites Children Services LimitedSelected, KITES CHILDRENS SERVICES LIMITED
Beacon Childcare LtdSelected, BEACON CHILDCARE LTD
Cove Care Residential LimitedSelected, COVE CARE RESIDENTIAL LIMITED
Artemis Support LimitedSelected, COMPASS CHILDREN'S HOMES NORTH EAST LIMITED
New Horizons nw ltdSelected, NEW HORIZONS (NW) LTD
Calcot Services for Children LimitedSelected, CALCOT SERVICES FOR CHILDREN LIMITED
Benjamin UK LtdSelected, BENJAMIN UK LTD
Aspire Care and Education Services LtdSelected, ASPIRE CARE AND EDUCATION SERVICES LIMITED
ROC Northwest LimitedSelected, ROC NORTHWEST LIMITED
Beaufort Care Group LimitedSelected, BEAUFORT CARE GROUP LIMITED
Radical Services LimitedSelected, RADICAL SERVICES LIMITED
My Choice childrens Homes ltdSelected, MY CHOICE CHILDREN'S HOMES LIMITED
Achieving Aspirations Community Interest CompanySelected, ACHIEVING ASPIRATIONS COMMUNITY INTEREST COMPANY
Area Camden LimitedSelected, AREA CAMDEN LIMITED
Restorative Social Care Services LtdSelected, RESTORATIVE SOCIAL CARE SERVICES LTD.
SureCare Residential LtdSelected, SURECARE RESIDENTIAL LTD
Cameron & Cooper LimitedSelected, CAMERON & COOPER LIMITED
Gravitas Care LTDSelected, GRAVITAS CARE LIMITED
Parkview Care (Broadstairs) LimitedSelected, PARKVIEW CARE (BROADSTAIRS) LIMITED
Arc-HD Services LtdSelected, ARC HD SERVICES LIMITED
Swan Cottage LimitedSelected, SWAN COTTAGE LIMITED
Oasis Adolescent Services LtdSelected, OASIS ADOLESCENT SERVICES LIMITED
Ashwood Childrens Care Home LtdSelected, ASHWOOD CHILDRENS CARE HOME LTD
Albrighton Care LimitedSelected, ALBRIGHTON CARE LIMITED
Social Care Services (Clayton) LimitedSelected, SOCIAL CARE SERVICES (CLAYTON) LIMITED
Care Perspectives LimitedSelected, CARE PERSPECTIVES LIMITED
Action for ChildrenSelected, ACTION FOR CHILDREN
Q+Selected, Q+
Oak Childcare Plus LtdSelected, OAK CHILDCARE PLUS LIMITED
N H Care LimitedSelected, N H CARE LIMITED
Protea Care LimitedSelected, PROTEA CARE LIMITED
Brighter Futures For Children LimitedSelected, BRIGHTER FUTURES FOR CHILDREN LIMITED
Solace for Children LimitedSelected, SOLACE FOR CHILDREN LIMITED
Purple Oak SupportSelected, PURPLE OAK SUPPORT
Kennedy And Elliott Partnership LLPSelected, KENNEDY AND ELLIOTT PARTNERSHIP LLP
Homes for Support LimitedSelected, HOMES FOR SUPPORT LTD
Hapin Care LtdSelected, HAPIN CARE LTD
Heartwood RSL LtdSelected, HEARTWOOD RSL LTD
Care 4 Every Child LtdSelected, CARE 4 EVERY CHILD LIMITED
Brinscall CareSelected, BRINSCALL CARE LIMITED
The Ryes College LTDSelected, THE RYES COLLEGE LIMITED
Caterpillar Care Services LtdSelected, CATERPILLAR CARE SERVICES LTD Dissolved
Proactive Care (manchester) ltdSelected, PROACTIVE CARE (MANCHESTER) LTD
Life Change Care LtdSelected, LIFE CHANGE CARE LTD
Gracewells Care LtdSelected, GRACEWELLS CARE LIMITED
Empower Residentials LimitedSelected, EMPOWER RESIDENTIALS LIMITED
Oak House Childrens Home LtdSelected, OAK HOUSE CHILDRENS HOME LTD
Gracebridge Care LtdSelected, GRACEBRIDGE CARE LIMITED
BTTLR LIMITEDSelected, BTTLR LIMITED
Woodford childrens Services LimitedSelected, WOODFORD CHILDREN'S SERVICES LIMITED
Blossom Care Group LimitedSelected, BLOSSOM CARE GROUP LIMITED
Flourish Childrens Services LtdSelected, FLOURISH CHILDRENS SERVICES LIMITED
Nirmal Homes LimitedSelected, NIRMAL HOMES LIMITED
Almond Care childrens Services LtdSelected, ALMOND CARE CHILDRENS SERVICES LIMITED
HMO NE LTDSelected, HMO NE LTD
Northern Community Pathways Childrens Residential Services LimitedSelected, NORTHERN COMMUNITY PATHWAYS CHILDREN'S RESIDENTIAL SERVICES LTD
Safe Haven Adolescent Care Group LimitedSelected, SAFE HAVEN ADOLESCENT CARE GROUP LIMITED
MERCIA CHILDREN SERVICES LIMITEDSelected, MERCIA CHILDREN SERVICES LIMITED
Solo Independent Living Adolescent Care Services LtdSelected, SOLO INDEPENDENT LIVING ADOLESCENT CARE SERVICES LTD Dissolved
Halliwell Homes (Midlands Division) LimitedSelected, HALLIWELL HOMES (MIDLANDS DIVISION) LIMITED
Bright Futures Care LtdSelected, BRIGHT FUTURES CARE LIMITED
The Beeches UK LimitedSelected, THE BEECHES UK LIMITED
Willows (Devon) LtdSelected, WILLOWS (DEVON) LIMITED
Strive To Care LtdSelected, STRIVE TO CARE LTD
Supporting Hands Care Services LtdSelected, SUPPORTING HANDS CARE SERVICES LTD
Castle Care HomesSelected, CASTLE CARE HOMES LIMITED Dissolved
Enhanced Young Persons Care LimitedSelected, ENHANCED YOUNG PERSONS' CARE LIMITED
Support And Sustain Care LtdSelected, SUPPORT AND SUSTAIN CARE LTD
Connect Care solutions limitedSelected, CONNECT CARE SOLUTIONS LIMITED
Northamptonshire Childrens Trust LimitedSelected, NORTHAMPTONSHIRE CHILDREN'S TRUST LIMITED
Madiba ltdSelected, MADIBA LTD Dissolved
Oakley House childrens Home LimitedSelected, OAKLEY HOUSE CHILDRENS HOME LIMITED
Central & Southern Homes LtdSelected, CENTRAL & SOUTHERN HOMES LTD
247 Bluebell Care LimitedSelected, 247 BLUEBELL CARE LIMITED
PURE GRACE HOMES LIMITEDSelected, PURE GRACE HOMES LIMITED
Clearwater Care (Hackney) LtdSelected, CLEARWATER CARE (HACKNEY) LIMITED
Clear Water Care Homes LtdSelected, CLEAR WATER CARE HOMES LTD
GAC Family Services LtdSelected, GAC FAMILY SERVICES LIMITED
Care Today ( Childrens Services ) LtdSelected, CARE TODAY (CHILDRENS SERVICES) LTD
TJY Care ltdSelected, TJY CARE LTD
Forte Care LtdSelected, FORTE CARE LTD
Young Birch LtdSelected, YOUNG BIRCH LIMITED
Prosper and Enterprise LimitedSelected, PROSPER AND ENTERPRISE LIMITED
Momentum Residential Care Home LtdSelected, MOMENTUM RESIDENTIAL CARE HOME LTD
Evolve Child care LtdSelected, EVOLVE CHILD CARE LIMITED
Resi-Action Staffordshire LtdSelected, RESI- ACTION STAFFORDSHIRE LTD
Huntercombe Young People LtdSelected, ACTIVE YOUNG PEOPLE LIMITED
Monarch Intervention Services LtdSelected, MONARCH INTERVENTION SERVICES LIMITED
Care2Care childrens Home LtdSelected, CARE2CARE CHILDREN'S HOME LTD
I.M.P.A.C.T childrens Residential Care LtdSelected, I.M.P.A.C.T CHILDREN'S RESIDENTIAL CARE LTD
Parallel Parents LtdSelected, PARALLEL PARENTS LTD
Oakley House (Kent) LimitedSelected, OAKLEY HOUSE (KENT) LIMITED
Protea Care 2 LimitedSelected, PROTEA CARE 2 LIMITED
Supreme Child Care ltdSelected, SUPREME CHILD CARE LTD
Camino Care LimitedSelected, SUPERCARE HOLDINGS LTD
Halls Homes For Young People LtdSelected, HALLS HOMES FOR YOUNG PEOPLE LTD
Aegis 24/7 LtdSelected, AEGIS 24/7 LTD
HopespringSelected, HOPESPRING
Safety & Focused Care LtdSelected, SAFETY & FOCUSED CARE LTD
Excel Residential Care LTDSelected, EXCEL RESIDENTIAL CARE LIMITED
Positive Steps Specialist Care Services LimitedSelected, POSITIVE STEPS SPECIALIST CARE SERVICES LIMITED
Ashdown Care Homes LimitedSelected, ASHDOWN CARE HOMES LTD
Applecast LimitedSelected, APPLECAST LIMITED
Truly Care Services LtdSelected, TRULY CARE SERVICES LTD
Charis Services for Children LtdSelected, CHARIS SERVICES FOR CHILDREN LTD
Treasure Nest LimitedSelected, TREASURE NEST LIMITED
Positive Homes for Positive Futures ltdSelected, POSITIVE HOMES FOR POSITIVE FUTURES LIMITED
PALS Residential Services LtdSelected, PALS RESIDENTIAL SERVICES LTD
MJ Residential ServicesSelected, MJ RESIDENTIAL SERVICES LIMITED
Horizon Care Mayfield Lodge LimitedSelected, HORIZON CARE MAYFIELD LODGE LIMITED
Cherry Care childrens Home LtdSelected, CHERRY CARE CHILDREN'S HOME LTD
Vita Spirit LimitedSelected, VITA SPIRIT LIMITED
Trax MX LtdSelected, TRAX MX LTD
Ashford childrens Care LimitedSelected, ASHFORD CHILDRENS CARE LIMITED
Family First Care Services LtdSelected, FAMILY FIRST CARE SERVICES LTD
First Steps Care LtdSelected, FIRST STEPS CARE LTD Dissolved
Anchor Care and Education LtdSelected, ANCHOR CARE AND EDUCATION LTD
St. Caspian Care LimitedSelected, ST. CASPIAN CARE LIMITED
GREEN HARVEST CAPITAL CONSULTING LTDSelected, GREEN HARVEST CAPITAL CONSULTING LTD
24/7 SUPPORT UK LIMITEDSelected, 24/7 SUPPORT UK LIMITED
Abundantia Care LimitedSelected, ABUNDANTIA CARE LIMITED
Moncur Group LtdSelected, SUNBRIDGE CHILDCARE LTD
Acheron Care LimitedSelected, ACHERON CARE LIMITED
Roxwell Care Gidea Park LimitedSelected, ROXWELL CARE GIDEA PARK LIMITED
Next Step Independence LtdSelected, NEXT STEP INDEPENDENCE LIMITED
ARGF LIMITEDSelected, ARGF LIMITED
Bethel childrens Care LtdSelected, BETHEL CHILDREN'S CARE LIMITED
Contemporary Concept Care LimitedSelected, CONTEMPORARY CONCEPT CARE LIMITED
Northridge Care Group LtdSelected, NORTHRIDGE CARE GROUP LTD
Real Care Support Ltd.Selected, REAL CARE SUPPORT LIMITED
Nurture Care Group LtdSelected, NURTURE CARE GROUP LTD
Infinity Care Home LtdSelected, INFINITY CARE HOME LTD
Sankofa Specialist Care LtdSelected, SANKOFA SPECIALIST CARE LTD
Carterhatch Homes LimitedSelected, CARTERHATCH HOMES LIMITED
Williams Welfare LtdSelected, WILLIAMS WELFARE LTD
Centre 404Selected, CENTRE 404
Solace Care ClayHall LtdSelected, SOLACE CARE CLAYHALL LTD
A&R Guardian Services LimitedSelected, A&R GUARDIAN SERVICES LIMITED
Kedleston (Wood Grove Childcare) LimitedSelected, KEDLESTON (WOOD GROVE CHILDCARE) LIMITED
Helpful Investments LimitedSelected, HELPFUL INVESTMENTS LIMITED
Trauma in Mind LtdSelected, TRAUMA IN MIND LTD
Barracare LtdSelected, BARRACARE LTD
Allesley Childrens Care LtdSelected, ALLESLEY CHILDRENS CARE LTD
Ascent Fostering AgencySelected, ASCENT FOSTERING AGENCY LIMITED
Dimensions Care LtdSelected, 3 DIMENSIONS CARE LIMITED
SV Care Services LimitedSelected, SV CARE SERVICES LIMITED
We Care Bespoke LimitedSelected, WE CARE BESPOKE LTD
Lily Residential Services LTdSelected, LILY RESIDENTIAL SERVICES LTD
Ubuntu Group LimitedSelected, UBUNTU GROUP LTD Dissolved
ALTERNATIVE APPROACH CARE LTDSelected, ELEVATED FUTURES LTD
Procure Care Providers LimitedSelected, PROCURE CARE PROVIDERS LIMITED
Kids Inc Residential Services LtdSelected, KIDS INC RESIDENTIAL SERVICES LTD
Willcob Care LtdSelected, WILLCOB CARE LTD
Caritas Homes LimitedSelected, CARITAS HOMES LIMITED
Bess Solutions LimitedSelected, BESS SOLUTIONS LIMITED
Loyal Care LimitedSelected, LOYAL CARE LIMITED Dissolved
Pinnacle Care Provisions LtdSelected, PINNACLE CARE PROVISIONS LTD
Caring feathers LtdSelected, CARING FEATHERS LTD
Montage Services LimitedSelected, MONTAGE SERVICES LIMITED Dissolved
Residential Child Care Community (North West) LimitedSelected, RESIDENTIAL CHILD CARE COMMUNITY (NORTH WEST) LIMITED
Direct Care childrens HomesSelected, DIRECT CARE CHILDRENS HOMES LTD
Bright Life Living (Stirchley) LtdSelected, BRIGHT LIFE LIVING (STIRCHLEY) LTD
Advocate Recruitment LtdSelected, ADVOCATE RECRUITMENT LTD
Ash House Care LtdSelected, ASH HOUSE CARE LTD
RESILIENCE RESIDENTIAL SERVICES LTDSelected, RESILIENCE RESIDENTIAL SERVICES LTD
Elite childrens Care Group LtdSelected, ELITE CHILDREN'S CARE GROUP LTD
Catch 22 Charity LimitedSelected, CATCH 22 CHARITY LIMITED
Prime Calibre Care Group LtdSelected, PRIME CALIBRE CARE GROUP LTD
My House Calow LtdSelected, MY HOUSE CALOW LTD
Treetops childrens Homes LimitedSelected, TREETOPS CHILDREN'S HOMES LIMITED
Nelbro Group LimitedSelected, NELBRO GROUP LIMITED
Tutelage Care Barking LtdSelected, TUTELAGE CARE BARKING LTD
Manuel Cornwall LtdSelected, MANUEL CORNWALL LTD
Care Acre LtdSelected, CARE ACRE LIMITED
Restoring Lives LtdSelected, RESTORING LIVES LTD Dissolved
SUSSEX CHILDRENS CARE LTDSelected, SUSSEX CHILDREN'S CARE LTD
Tutelage care Redbridge LtdSelected, TUTELAGE CARE REDBRIDGE LTD
Prime Nurture Services LimitedSelected, PRIME NURTURE SERVICES LTD
CF Social Work LtdSelected, C F SOCIAL WORK LIMITED
Rubicon Children and Family Services LtdSelected, RUBICON CHILDREN & FAMILY SERVICES LIMITED
Cynhenid Care LtdSelected, CYNHENID CARE LTD
Heathfield (Parkgate) LtdSelected, HEATHFIELD (PARKGATE) LIMITED
AMMA Childcare Services LtdSelected, AMMA CHILDCARE SERVICES LTD
Within Reach Services LimitedSelected, WITHIN REACH SERVICES LIMITED
GSM Ardent LtdSelected, GSM ARDENT LIMITED
North Lakes childrens Service LimitedSelected, NORTH LAKES CHILDRENS SERVICES LIMITED
Choices Home for Children LimitedSelected, CHOICES HOME FOR CHILDREN LIMITED
Castle Homes Care LimitedSelected, CASTLE HOMES CARE LIMITED
National Autistic Society (The)Selected, NATIONAL AUTISTIC SOCIETY(THE)
Evolution Children Services LimitedSelected, EVOLUTION CHILDREN SERVICES LTD In liquidation
Green View Young People LimitedSelected, GREEN VIEW YOUNG PEOPLE LIMITED
Plus One South West LtdSelected, PLUS ONE (SOUTH WEST) LIMITED
Roundhouse Care LimitedSelected, ROUNDHOUSE CARE LIMITED
Aspris New Education Services LimitedSelected, ASPRIS NEW EDUCATION SERVICES LIMITED
Carlisle Mencap LimitedSelected, CARLISLE MENCAP LIMITED
Central & Southern HomesSelected, CENTRAL & SOUTHERN HOMES LTD
Compass Childrens Homes LtdSelected, COMPASS CHILDREN'S HOMES LIMITED
Homes 2 inspireSelected, HOMES 2 INSPIRE LIMITED
Consensus Support Services LimitedSelected, CONSENSUS SUPPORT SERVICES LIMITED
New Horizons (Stockport) LtdSelected, NEW HORIZONS (STOCKPORT) LTD
K & G Care LtdSelected, K & G CARE LTD
Ash House Care LTDSelected, ASH HOUSE CARE LTD
Excel Residential Care LtdSelected, EXCEL RESIDENTIAL CARE LIMITED
Hillcrest Childrens Services (2) LimitedSelected, HILLCREST CHILDRENS SERVICES (2) LIMITED
New Horizons (NW) LtdSelected, NEW HORIZONS (NW) LTD
Enhanced Young Persons Care LTDSelected, ENHANCED YOUNG PERSONS' CARE LIMITED
The Forge Nuneaton LimitedSelected, THE FORGE (NUNEATON) LIMITED
Closer 2 Home LimitedSelected, CLOSER 2 HOME LIMITED
Willow Care Group LimitedSelected, WILLOW CARE GROUP LIMITED
Lily Residential Services LtdSelected, LILY RESIDENTIAL SERVICES LTD
New Path Residential LtdSelected, NEW PATH RESIDENTIAL LTD
Core Children LTDSelected, CORE CHILDREN LTD
Inspirations Leicestershire LTDSelected, INSPIRATIONS LEICESTERSHIRE LIMITED
Resilience Residential Services LtdSelected, RESILIENCE RESIDENTIAL SERVICES LTD
Chamberlain Residential Care LTDSelected, CHAMBERLAIN RESIDENTIAL CARE LTD
Cherish Childrens Care LtdSelected, CHERISH CHILDRENS CARE LTD
Gracebridge CareSelected, GRACEBRIDGE CARE LIMITED
Omega care Group LTDSelected, OMEGA CARE GROUP LTD
Winurture Childcare LtdSelected, WINURTURE CHILDCARE LTD
Detail Personnel Care LimitedSelected, DETAIL PERSONNEL CARE LIMITED Dissolved
YMCA LeicestershireSelected, YMCA LEICESTERSHIRE
Continuum Support - Care Services LTDSelected, CONTINUUM SUPPORT - CARE SERVICES LTD
Impact Childcare and Education LtdSelected, IMPACT CHILDCARE AND EDUCATION LTD
Your Chapter Holdings LimitedSelected, YOUR CHAPTER HOLDINGS LIMITED
Your Chapter LTDSelected, YOUR CHAPTER LIMITED
YMCA Robin Hood GroupSelected, YMCA ROBIN HOOD GROUP
Parkwood CareSelected, PARKWOOD CARE LIMITED
OLIVE TREE RESIDENTIAL CARE LIMITEDSelected, OLIVE TREE RESIDENTIAL CARE LIMITED
Active Young People LimitedSelected, ACTIVE YOUNG PEOPLE LIMITED
R.E.A.C.H CHC LTDSelected, R.E.A.C.H CHC LIMITED
Sussex childrens Care LTDSelected, SUSSEX CHILDREN'S CARE LTD
SWAAY Child & Adolescent Services LtdSelected, SWAAY CHILD AND ADOLESCENT SERVICES LIMITED
Doonamis LimitedSelected, DOONAMIS LIMITED
Theracare Homes LimitedSelected, THERACARE HOMES LIMITED
Purple Ash LimitedSelected, PURPLE ASH LIMITED
Beaufort care GroupSelected, BEAUFORT CARE GROUP LIMITED
Direct Care Childrens Homes LtdSelected, DIRECT CARE CHILDRENS HOMES LTD
Aspiration House LimitedSelected, ASPIRATION HOUSE LIMITED
Branas Isaf (Holdings) LtdSelected, BRANAS ISAF (HOLDINGS) LIMITED
MY3 LimitedSelected, MY3 LIMITED
High View childrens Services LimitedSelected, HIGH VIEW CHILDRENS SERVICES LIMITED
Fairways Care (UK) LimitedSelected, FAIRWAYS CARE (UK) LIMITED Dissolved
Support and Sustain Care LtdSelected, SUPPORT AND SUSTAIN CARE LTD
Resolute Care LTDSelected, RESOLUTE CARE LTD
Jeeves Care Group LtdSelected, JEEVES CARE GROUP LIMITED
Birchwood childrens Services LtdSelected, BIRCHWOOD CHILDRENS SERVICES LIMITED
G B A Care LimitedSelected, G B A CARE LIMITED
Parallel Parents Ltd.Selected, PARALLEL PARENTS LTD
Accalia Care Services Ltd.Selected, ACCALIA CARE SERVICES LTD
Personal Security Service LimitedSelected, PERSONAL SECURITY SERVICE LIMITED
ARTEMIS SUPPORT LIMITEDSelected, COMPASS CHILDREN'S HOMES NORTH EAST LIMITED
Good Foundations ltdSelected, GOOD FOUNDATION LTD Dissolved
Cannon Children Services LimitedSelected, CANNON CHILDREN SERVICES LIMITED
SHALAMAR CHILDREN LIMITEDSelected, SHALAMAR CHILDREN LIMITED
Berry Gifford LTDSelected, BERRY GIFFORD LTD
Outbound Care LimitedSelected, OUTBOUND CARE LIMITED
Real Care Support LtdSelected, REAL CARE SUPPORT LIMITED
Azalea Care LtdSelected, AZALEA CARE LTD
Moonreach LTDSelected, MOONREACH LIMITED
Cherry Trees Care LtdSelected, CHERRY TREES CARE LTD
Rise Above Care LtdSelected, RISE ABOVE CARE LTD
Helm Care Services LtdSelected, HELM CARE SERVICES LTD Dissolved
My Tribe Homes LtdSelected, MY TRIBE HOMES LTD
Caring Feathers LtdSelected, CARING FEATHERS LTD
New Roots childrens Services LimitedSelected, NEW ROOTS CHILDREN'S SERVICES LIMITED
SOUTHEND-ON-SEA YOUNG MEN'S CHRISTIAN ASSOCIATIONSelected, SOUTHEND-ON-SEA YOUNG MEN'S CHRISTIAN ASSOCIATION
Sunrise Hill Care LtdSelected, SUNRISE HILL CARE LTD
SMOOTH STONE CARE AND EDUCATION LIMITEDSelected, SMOOTH STONE CARE AND EDUCATION LIMITED
Sportfit Support Services LtdSelected, SPORTFIT SUPPORT SERVICES LIMITED
Green Harvest Capital Consulting LtdSelected, GREEN HARVEST CAPITAL CONSULTING LTD
Care Today (childrens Services) LtdSelected, CARE TODAY (CHILDRENS SERVICES) LTD
Sunbridge Childcare LtdSelected, SUNBRIDGE CHILDCARE LTD
Tutelage Care Hatley LtdSelected, TUTELAGE CARE HATLEY LTD
Sure Steps Support Services LtdSelected, SURE STEPS SUPPORT SERVICES LTD
Trinity Care and Education Services LtdSelected, PROSPERITY CHILDRENS SERVICES LIMITED
HEADSTART RESIDENTIAL CARE LTDSelected, HEADSTART RESIDENTIAL CARE LTD
Invested Childcare LTDSelected, INVESTED CHILDCARE LTD
Ivie Lodge LimitedSelected, IVIE LODGE LIMITED
Step Up Children and Family Services LtdSelected, STEP UP CHILDREN AND FAMILY SERVICES LIMITED
Cedarways Residential Child Care Larkhill House LimitedSelected, CEDARWAYS RESIDENTIAL CHILD CARE LARKHILL HOUSE LIMITED
Harmony Childcare Residential Homes LimitedSelected, HARMONY CHILDCARE RESIDENTIAL HOMES LTD
Jasper Education and Support Services LimitedSelected, JASPER EDUCATION AND SUPPORT SERVICES LIMITED
Belmont Residential Care LtdSelected, BELMONT RESIDENTIAL CARE LTD
Birchwood Independence LtdSelected, BIRCHWOOD INDEPENDENCE LTD
Roxwell Care Ilford LimitedSelected, ROXWELL CARE ILFORD LIMITED
EJ Childcare Services LTDSelected, EJ CHILDCARE SERVICES LTD
Cherry Care childrens Home LTDSelected, CHERRY CARE CHILDREN'S HOME LTD
TRESSELL Homes ltdSelected, TRESSELL HOMES LTD
Chillington Close LimitedSelected, CHILLINGTON CLOSE LTD
XYP Childcare LtdSelected, XYP CHILDCARE LIMITED
SW Education & Care LtdSelected, SW EDUCATION & CARE LTD
Watermead Care LimitedSelected, WATERMEAD CARE LTD
Choices Home for ChildrenSelected, CHOICES HOME FOR CHILDREN LIMITED
Residential Child care Community (Town Hall) LTDSelected, RESIDENTIAL CHILD CARE COMMUNITY (TOWN HALL) LIMITED
Formations Care Services LtdSelected, FORMATIONS CARE SERVICES LTD
Hestia Homes For Children LimitedSelected, HESTIA HOMES FOR CHILDREN LIMITED
Virtue Therapeutic Care and Education (East Sussex) LimitedSelected, VIRTUE THERAPEUTIC CARE & EDUCATION (EAST SUSSEX) LIMITED
The Amicus Community (Arundel) LtdSelected, THE AMICUS COMMUNITY ARUNDEL LIMITED
JMR Healthcare LtdSelected, JMR HEALTHCARE LTD Dissolved
Holistic Care Service Nationwide LimitedSelected, HOLISTIC CARE SERVICE NATIONWIDE LIMITED
Barnardos Services LimitedSelected, BARNARDO SERVICES LIMITED
Stepping Stones Care LimitedSelected, STEPPING STONES CARE LIMITED
Thrive Childcare Services LimitedSelected, THRIVE CHILDCARE SERVICES LTD
Bay Tree House Higham LtdSelected, BAY TREE HOUSE (HIGHAM) LTD
Embrace Care LtdSelected, EMBRACE CARE LTD Dissolved
PARKER SC LTDSelected, PARKER SC LTD
Willow Tree childrens Services LtdSelected, WILLOW TREE CHILDREN'S SERVICES LTD
Jurita LimitedSelected, JURITA LIMITED
3S Adolescent Care LimitedSelected, 3S ADOLESCENT CARE LIMITED
Regional Therapeutic Homes LtdSelected, REGIONAL THERAPEUTIC HOMES LTD
Bear Care Services LimitedSelected, BEAR CARE SERVICES LIMITED
AEGIS 24/7 LTDSelected, AEGIS 24/7 LTD
Safety and Focused Care LtdSelected, SAFETY & FOCUSED CARE LTD
Talbot House childrens Charity LimitedSelected, TALBOT HOUSE CHILDREN'S CHARITY LIMITED
Jaynes Homes LimitedSelected, JAYNE HOMES LIMITED
Strive and succeed LtdSelected, STRIVE AND SUCCEED LTD
Fresh Start Care Group LtdSelected, FRESH START CARE GROUP LTD
C & C Unique Care Solution LtdSelected, C & C UNIQUE CARE SOLUTIONS LTD
Libre Living LtdSelected, LIBRE LIVING LIMITED
Emerge Care And Therapeutic Solutions LimitedSelected, EMERGE CARE AND THERAPEUTIC SOLUTIONS LIMITED
SV Care Services LtdSelected, SV CARE SERVICES LIMITED