"","Company.name","profit_margin_average","ebitda_margin_average","salaries_turnover_average"
"1","BIRMINGHAM CHILDREN'S TRUST COMMUNITY INTEREST COMPANY",-13.348,-12.01,40.164
"2","ACHIEVING FOR CHILDREN COMMUNITY INTEREST COMPANY",-6.64111111111111,-4.78,35.5277777777778
"3","ROYAL MENCAP SOCIETY",2.408,3.36,77.279
"4","NORTHAMPTONSHIRE CHILDREN'S TRUST LIMITED",NA,NA,NA
"5","WITHERSLACK GROUP LIMITED",16.726,21.504,58.034
"6","TOGETHER FOR CHILDREN SUNDERLAND LIMITED",-4.71666666666667,NA,30.1533333333333
"7","ACTION FOR CHILDREN",2.8,3.764,66.935
"8","WORCESTERSHIRE CHILDREN FIRST",0.4025,NA,30.36
"9","MACINTYRE HUDSON LLP",23.722,31.772,47.237
"10","KIDS PLANET DAY NURSERIES LIMITED",7.52,21.194,59.58
"11","ASPRIS CHILDREN'S SERVICES LIMITED",-0.542222222222222,16.5366666666667,57.0377777777778
"12","CAMBIAN CHILDCARE LIMITED",11.306,13.811,56.869
"13","BRIGHTER FUTURES FOR CHILDREN LIMITED",-5.912,NA,39.05
"14","ELYSIUM HEALTHCARE LIMITED",-10.09375,-9.29125,66.0875
"15","NATIONAL AUTISTIC SOCIETY(THE)",-0.759,0.986,71.11125
"16","DONCASTER CHILDREN'S SERVICES TRUST LIMITED",NA,NA,37.7783333333333
"17","PRAXIS CARE",3.75625,6.09375,78.1425
"18","CONSENSUS SUPPORT SERVICES LIMITED",8.174,17.133,58.9522222222222
"19","MACINTYRE CARE",1.996,3.56,77.3388888888889
"20","AUTISM INITIATIVES (UK)",1.119,1.798,74.521
"21","THE CONGREGATION OF THE DAUGHTERS OF THE CROSS OF LIEGE",-14.1888888888889,-7.63777777777778,67.217
"22","COMPASS CHILDREN'S HOMES LIMITED",-4.96,3.93666666666667,NA
"23","SUNDERLAND CARE AND SUPPORT LIMITED",-3.448,NA,76.412
"24","RUSKIN MILL TRUST LIMITED",2.709,4.584,56.187
"25","CARETECH COMMUNITY SERVICES LIMITED",12.263,8.856,64.385
"26","CATCH 22 CHARITY LIMITED",5.046,4.734,53.334
"27","SLOUGH CHILDREN FIRST LIMITED",-5.43375,NA,34.59375
"28","KISIMUL GROUP LIMITED",13.1455555555556,12.5466666666667,56.8244444444444
"29","BARNARDO SERVICES LIMITED",0.901428571428571,NA,NA
"30","LIVABILITY",NA,NA,NA
"31","POTENSIAL LIMITED",0.555,9.874,67.466
"32","THE HESLEY GROUP LIMITED",4.75666666666667,12.3,66.3677777777778
"33","SEASHELL TRUST",12.019,16.446,63.944
"34","HEXAGON CARE SERVICES LIMITED",8.26888888888889,11.2844444444444,58.1088888888889
"35","FIVE RIVERS CHILD CARE LIMITED",1.239,2.788,33.891
"36","THE TOGETHER TRUST",3.541,5.911,64.152
"37","ANCHOR CAREHOMES LIMITED",-17.31375,12.03,60.0033333333333
"38","HORIZON CARE AND EDUCATION GROUP LIMITED",1.323,6.877,59.701
"39","THE PERCY HEDLEY FOUNDATION",5.346,8.875,75.87
"40","NORTH EAST AUTISM SOCIETY",7.13,9.915,70.878
"41","NORWOOD RAVENSWOOD",-1.014,2.92,70.173
"42","THE CHILDREN'S TRUST",-5.898,-0.252,76.709
"43","A WILDERNESS WAY LIMITED",NA,NA,NA
"44","ASPIRATIONS CARE LIMITED",9.589,11.771,71.372
"45","HOMES 2 INSPIRE LIMITED",-3.11166666666667,2.42166666666667,58.31
"46","ESLAND NORTH LIMITED",8.16111111111111,11.4055555555556,60.1466666666667
"47","ACTIVE YOUNG PEOPLE LIMITED",-0.613333333333333,1.75333333333333,49.28
"48","NORTHERN LIFE CARE LIMITED",5.734,7.005,74.272
"49","SENAD LIMITED",15.913,18.733,60.773
"50","AURORA ASD LIMITED",1.762,6.406,50.7316666666667
"51","CAMBIAN AUTISM SERVICES LIMITED",-11.054,3.57,55.93
"52","SANDCASTLE CARE LTD",11.5825,13.485,63.1425
"53","ORBIS EDUCATION AND CARE LIMITED",5.224,16.451,58.34
"54","BRIGHT FUTURES CARE LIMITED",17.85,21.042,58.568
"55","BARNARDOS - REPUBLIC OF IRELAND COMPANY LIMITED BY GUARANTEE",2.247,4.73333333333333,68.314
"56","HILLCREST CHILDRENS SERVICES LIMITED",10.924,16.575,51.77
"57","PHOENIX LEARNING & CARE HOLDINGS LIMITED",-7.024,6.292,66.873
"58","YOUR CHAPTER HOLDINGS LIMITED",18.1542857142857,22.0314285714286,49.0128571428571
"59","BIRTENSHAW",7.475,10.937,66.736
"60","PRIOR'S COURT FOUNDATION",3.783,8.478,73.538
"61","THE NATIONAL CENTRE FOR YOUNG PEOPLE WITH EPILEPSY CHARITABLE TRUST",NA,NA,NA
"62","CAMBIAN WHINFELL SCHOOL LIMITED",21.56,20.314,54.65
"63","YMCA ROBIN HOOD GROUP",2.838,6.746,55.678
"64","REFLEXION CARE GROUP LIMITED",7.41166666666667,11.55,63.16
"65","NUGENT CARE 2019",-5.11,-1.19666666666667,68.15
"66","PARTNERSHIPS IN CARE 1 LIMITED",14.518,25.563,54.31
"67","YOUNG FOUNDATIONS LIMITED",4.897,9.006,55.803
"68","PATHWAYS CARE GROUP LIMITED",1.992,15.202,63.786
"69","HCRG CARE LTD",-29.016,-35.301,54.2271428571429
"70","YOUR CHAPTER LIMITED",18.2471428571429,20.6357142857143,48.9442857142857
"71","SEN TRUST SOUTHEND",4.592,10.373,75.748
"72","LONGDON HALL SCHOOL LIMITED",6.406,11.828,42.63875
"73","HOLLYBANK TRUST",NA,NA,NA
"74","ST.CHRISTOPHERS FELLOWSHIP",1.399,0.468888888888889,58.516
"75","NEW FOREST CARE LIMITED",6.61625,8.43125,66.92875
"76","BLUE MOUNTAIN HOMES LTD.",21.542,28.01,54.758
"77","KEYS EDUCATIONAL SERVICES LIMITED",2.575,3.964,45.764
"78","OPTIONS AUTISM (4) LIMITED",0.625555555555556,5.301,65.3577777777778
"79","PHOENIX CHILD CARE LIMITED",9.557,10.671,69.704
"80","CHAILEY HERITAGE FOUNDATION",-0.275,5.807,76.779
"81","ST ELIZABETH'S CENTRE",1.358,5.488,76.562
"82","PARALLEL PARENTS LTD",32.784,31.794,9.19
"83","FAIRWAYS CARE (UK) LIMITED",11.16,12.0116666666667,53.8
"84","BREAK",2.269,3.053,69.139
"85","UNDERLEY SCHOOLS LIMITED",6.408,7.623,53.767
"86","KEDLESTON (WINGS EDUCATION) LIMITED",16.137,20.665,52.227
"87","CAMBIAN ASPERGER SYNDROME SERVICES LIMITED",9.096,16.604,47.895
"88","DEVON & CORNWALL AUTISTIC COMMUNITY TRUST",-1.2125,-0.467500000000001,68.29
"89","MEADOWS CARE LIMITED",NA,NA,NA
"90","BRYN MELYN CARE LIMITED",0.389,4.469,67.219
"91","ACORN NORFOLK LIMITED",4.05,12.523,56.72
"92","MACINTYRE ACADEMIES",17.342,17.43,61.068
"93","NOVALIS TRUST",3.339,9.846,65.319
"94","HILLCREST CHILDRENS SERVICES (2) LIMITED",6.114,10.986,55.347
"95","RADICAL SERVICES LIMITED",9.03,10.6033333333333,26.1266666666667
"96","KEYS GROUP PROGRESSIVE CARE & EDUCATION LIMITED",4.119,6.344,55.017
"97","ST CUTHBERT'S CARE",2.284,4.818,71.949
"98","KEYS CARE LIMITED",-0.148,8.544,62.22125
"99","ST JOSEPH'S SPECIALIST TRUST",NA,NA,NA
"100","STRODE PARK FOUNDATION FOR PEOPLE WITH DISABILITIES",2.026,4.162,67.856
"101","RNIB CHARITY",NA,NA,NA
"102","SUNFIELD CHILDRENS HOMES LIMITED",1.78222222222222,4.97888888888889,71.981
"103","THE CALDECOTT FOUNDATION LIMITED",-2.615,0.942,64.951
"104","KEYS CHILD CARE LIMITED",9.03,11.553,58.074
"105","INSTITUTE OF INTEGRATED SYSTEMIC THERAPY",5.418,5.031,65.618
"106","ETHELBERT SPECIALIST HOMES LIMITED",4.45,7.032,56.054
"107","YCH (NO.2) PLC",NA,NA,NA
"108","DONCASTER DEAF TRUST",-1.773,-0.401,77.46
"109","KEYS EDUCATION LIMITED",4.373,6.104,62.731
"110","UNITY RESIDENTIAL CARE SERVICES LIMITED",19.4633333333333,22.9,54.99
"111","DIVERSE ABILITIES PLUS LTD",-0.316,2.297,79.896
"112","CLEARWATER CARE (HACKNEY) LIMITED",-4.52,7.993,69.364
"113","KEYS NHCC LIMITED",0.414,1.842,60.568
"114","PEBBLES CARE LIMITED",9.58125,11.485,65.05375
"115","THE LODDON FOUNDATION LTD",5.875,8.87,69.942
"116","HOPSCOTCH SOLUTIONS LIMITED",6.4,10.259,55.398
"117","HMO NE LTD",NA,NA,NA
"118","THE SHEILING SPECIAL EDUCATION TRUST",14.373,16.276,71.402
"119","ROC NORTHWEST LIMITED",24.8825,27.335,54.1028571428571
"120","CENTRE 404",5.877,8.043,82.656
"121","PHOENIX LEARNING AND CARE LIMITED",7.552,8.13,63.988
"122","ASPRIS NEW EDUCATION SERVICES LIMITED",3.54444444444445,12.5433333333333,59.97625
"123","NEW HORIZONS (NW) LTD",26.7166666666667,30.18,NA
"124","HALLIWELL HOMES LIMITED",5.804,9.402,65.51
"125","THE PLACE YOUNG PEOPLES COMPANY LIMITED",NA,NA,NA
"126","RUSHCLIFFE SPECIALIST SCHOOLS (MICKLEOVER) LIMITED",21.457,26.026,50.02
"127","SPARK OF GENIUS NORTH EAST LLP",24.02625,27.8955555555556,42.924
"128","AMBERLEIGH CARE LIMITED",24.598,34.352,48.484
"129","CASTLE HOMES CARE LIMITED",10.2777777777778,14.9844444444444,59.5544444444444
"130","GREENFIELDS ADOLESCENT DEVELOPMENT LIMITED",18.59,20.458,57.566
"131","THE MULBERRY BUSH ORGANISATION LIMITED",8.303,12.449,67.286
"132","COURTYARD CARE LIMITED",NA,NA,NA
"133","PATHWAY CARE SOLUTIONS II LIMITED",6.381,9.737,58.005
"134","THORNLEIGH CAMPHILL COMMUNITIES LIMITED",NA,NA,NA
"135","STEPPING STONES CARE LIMITED",30.6166666666667,31.42,50.5866666666667
"136","EXETER ROYAL ACADEMY FOR DEAF EDUCATION.",-5.795,3.132,73.509
"137","NELBRO GROUP LIMITED",7.58333333333333,8.93833333333333,NA
"138","KNOSSINGTON GRANGE SCHOOL LIMITED",6.395,11.384,46.223
"139","BARNARDISTON HALL PREPARATORY SCHOOL LIMITED",2.005,7.546,60.3811111111111
"140","OPTIONS AUTISM (1) LIMITED",4.256,10.275,64.715
"141","KEYS BR LIMITED",-2.565,0.303,61.194
"142","OVERLEY HALL LIMITED",NA,NA,NA
"143","PEAR TREE PROJECTS LIMITED",16.143,21.176,53.251
"144","THOUGHTS OF OTHERS LTD",NA,NA,NA
"145","DOVE ADOLESCENT SERVICES LIMITED",9.67333333333333,14.8466666666667,NA
"146","ROWDEN HOUSE SCHOOL LIMITED",9.558,12.979,60.71
"147","CARDIAC SCIENCE HOLDINGS (UK) LIMITED",-8.775,5.8275,16.6775
"148","CATHOLIC CARE (DIOCESE OF LEEDS)",-4.749,-2.096,80.552
"149","CALCOT SERVICES FOR CHILDREN LIMITED",20.014,22.856,50.69
"150","BRAMLEY CARE LIMITED",NA,NA,NA
"151","BUDWOOD LIMITED",NA,NA,NA
"152","INTERACT CARE LIMITED",16.2244444444444,19.0688888888889,57.2011111111111
"153","NORTH LAKES CHILDRENS SERVICES LIMITED",1.74,9.83,NA
"154","TREEHOUSE EDUCARE LIMITED",NA,NA,NA
"155","THE ROSE ROAD ASSOCIATION",4.115,6.796,58.886
"156","UNIQUE CARE HOMES SUPPORT LIMITED",9.96,14.885,58.065
"157","HEADWAY ADOLESCENT RESOURCES LIMITED",6.37333333333333,9.97333333333333,NA
"158","INTERACTIVE DEVELOPMENT SUPPORT LIMITED",NA,NA,NA
"159","PURPLE OAK SUPPORT",-0.885,2.663,78.603
"160","PARTNERS IN CARE LIMITED",33.74,34.2175,NA
"161","THE FORGE (NUNEATON) LIMITED",NA,NA,NA
"162","KEDLESTON (HIGH PEAK SCHOOL) LIMITED",-8.88375,-5.83875,NA
"163","DELAM CARE LIMITED",23.007,26.492,56.307
"164","KEYS DIRECT CARE LIMITED",2.592,3.736,60.518
"165","SOUTH WEST CHILDCARE SERVICES LTD",6.18,7.32666666666667,61.61
"166","THE RYES COLLEGE LIMITED",NA,NA,NA
"167","KEYS QTC LIMITED",12.691,16.955,56.972
"168","THE JUBILEE HOUSE CARE TRUST LIMITED",1.02,3.843,76.19
"169","YMCA LEICESTERSHIRE",2.191,11.208,58.941
"170","AREA CAMDEN LIMITED",1.16,5.58,NA
"171","CAMBIAN SIGNPOST LIMITED",21.41,25.434,48.221
"172","SAFE PLACES FOR CHILDREN UK",14.046,14.764,63.084
"173","THE AMICUS COMMUNITY ARUNDEL LIMITED",NA,NA,NA
"174","HAMELIN TRUST",-0.882,2.376,71.108
"175","PATHWAY CARE SOLUTIONS GROUP LIMITED",-20.6725,-9.97875,63.5925
"176","OPTIONS AUTISM (5) LIMITED",-1.895,5.485,66.14125
"177","TALBOT HOUSE CHILDREN'S CHARITY LIMITED",9.633,12.834,61.9577777777778
"178","BAY VIEW CHILD CARE LIMITED",13.58,19.2125,NA
"179","UNSEEN (UK)",4.986,5.623,63.925
"180","OASIS ADOLESCENT SERVICES LIMITED",NA,NA,NA
"181","NAMECO (NO.57) LIMITED",12.148,9.32222222222222,NA
"182","LIFEWORKS CHARITY LIMITED",2.67666666666667,4.95333333333333,64.45
"183","CASTLECARE CYMRU LIMITED",19.6511111111111,23.0777777777778,50.8644444444444
"184","INSPIRATION CARE LIMITED",13.61,14.7766666666667,69.0466666666667
"185","Q+",NA,NA,NA
"186","WHITE LODGE CENTRE",-6.396,1.969,80.289
"187","RESIDENTIAL CHILD CARE COMMUNITY (TOWN HALL) LIMITED",NA,NA,NA
"188","AR CURAM LIMITED",NA,NA,NA
"189","PROGRESS CARE AND EDUCATION LIMITED",10.54125,13.83125,61.3842857142857
"190","ENHANCEABLE",1.541,5.143,71.562
"191","SOUTHEND-ON-SEA YOUNG MEN'S CHRISTIAN ASSOCIATION",7.801,12.403,56.041
"192","CHAIGELEY EDUCATIONAL FOUNDATION",-2.301,2.567,78.121
"193","WESSEX COLLEGE LIMITED",3.06333333333333,7.10333333333333,60.22
"194","3 DIMENSIONS CARE LIMITED",2.0625,3.8375,66.3875
"195","BAYIS SHELI LTD",11.763,20.3725,44.20625
"196","CASTLE HOMES LIMITED",11.6911111111111,13.91,50.2742857142857
"197","KEYS ACTIVE 8 CARE LIMITED",5.106,9.716,62.251
"198","WE ARE BEAMS",2.977,4.633,69.043
"199","KEYS STEPPING STONES LIMITED",14.396,18.601,53.125
"200","NEW START HIGHLAND",0.637,3.668,64.661
"201","CHERRY TREES",1.817,5.8,72.508
"202","CARLISLE MENCAP LIMITED",6.65111111111111,7.35222222222222,85.95625
"203","FRIENDS THERAPEUTIC COMMUNITY TRUST",1.51,4.144,68.1711111111111
"204","KEYS ACE LIMITED",7.885,11.0283333333333,62.785
"205","SOUTHERN ADOLESCENT CARE SERVICES LTD",NA,NA,NA
"206","KENNEDY AND ELLIOTT PARTNERSHIP LLP",NA,NA,NA
"207","CLERVAUX GARDEN SCHOOL",9.80333333333333,11.65,50.5233333333333
"208","KEYS KIN LIMITED",11.415,14.87,54.094
"209","4D CARE LIMITED",4.80333333333333,6.78666666666667,NA
"210","QUANTUM CARE (UK) LIMITED",-5.59777777777778,7.06333333333333,58.3944444444445
"211","ASSURE CARE HOMES LTD",NA,NA,NA
"212","NORTHERN COMMUNITY PATHWAYS CHILDREN'S RESIDENTIAL SERVICES LTD",NA,NA,NA
"213","KEYS SPECIALIST RESIDENTIAL CHILDREN'S SERVICES LTD",9.72222222222222,10.3811111111111,56.4885714285714
"214","DAISYBROOK LIMITED",29.681,33.001,51.528
"215","THE CHILTERN CENTRE LIMITED",7.334,12.637,64.0688888888889
"216","BERRY GIFFORD LTD",NA,NA,NA
"217","HOPESPRING",NA,NA,NA
"218","APPLECAST LIMITED",14.5233333333333,17.4133333333333,53.4616666666667
"219","THE NORMAN LAUD ASSOCIATION",-7.37666666666667,-2.13,77.3966666666667
"220","PATHWAY CARE SOLUTIONS LIMITED",7.01666666666667,9.48555555555556,53.85
"221","CONSIDERATE CARE LIMITED",NA,NA,NA
"222","KEYS CHILDCARE (IRL) LIMITED",-3.782,4.44,66.004
"223","RAVENSBOURNE PROJECT",2.648,6,56.452
"224","BETHEL CHILDREN'S CARE LIMITED",NA,NA,NA
"225","KEYS CWC LIMITED",0.43,4.09777777777778,67.4583333333333
"226","CRUCKTON HALL LIMITED",-8.328,-0.22,64.2766666666667
"227","ARC HEALTHCARE SOUTHWEST",1.70166666666667,5.715,65.788
"228","MERRYVALE PROPERTIES LIMITED",NA,NA,NA
"229","PATHFINDERS (CHILDCARE) LIMITED",NA,NA,NA
"230","HAND IN HAND CHILDCARE LLP",NA,NA,NA
"231","R G CARE LTD.",NA,NA,NA
"232","HELPFUL INVESTMENTS LIMITED",NA,NA,NA
"233","KEDLESTON (WOOD GROVE CHILDCARE) LIMITED",9.47555555555555,12.2166666666667,NA
"234","HESLEY SERVICES LIMITED",NA,NA,NA
"235","FAMILY CARE ASSOCIATES LIMITED",NA,NA,NA
"236","SOCIAL CARE SERVICES LIMITED",NA,NA,NA
"237","CARE AFLOAT LTD.",NA,NA,NA
"238","LIONCARE LIMITED",NA,NA,NA
"239","SHERICO CARE SERVICES LIMITED",NA,NA,NA
"240","BRIDGE COMMUNITIES LIMITED",NA,NA,NA
"241","ANDERIDA ADOLESCENT CARE LIMITED",NA,NA,NA
"242","CASTLE CARE HOMES LIMITED",NA,NA,NA
"243","OWNLIFE LIMITED",2.6025,3.5425,NA
"244","CARE MANAGEMENT GROUP LIMITED",14.1725,18.3175,60.60625
"245","EDUCARE ADOLESCENT SERVICES LIMITED",NA,NA,NA
"246","AUTISM SUSSEX LIMITED",3.326,4.48,72.964
"247","ACORN HOMES (U.K.) LIMITED",NA,NA,NA
"248","ADEZA CARE HOMES LIMITED",NA,NA,NA
"249","JA NAILAH LIMITED",NA,NA,NA
"250","ACORN HOMES (UK) LIMITED",NA,NA,NA
"251","NEW HORIZONS (STOCKPORT) LTD",NA,NA,NA
"252","ESSANDORE LIMITED",NA,NA,NA
"253","CROSSWAY SERVICES LIMITED",NA,NA,NA
"254","THE DRIVE CARE HOMES LIMITED",-5.66,-2.84,57.43
"255","ATLAS HEALTHCARE LIMITED",-14.9071428571429,-5.69625,60.80125
"256","CARE TODAY (CHILDRENS SERVICES) LTD",NA,NA,NA
"257","MCRAE RESIDENTIAL CARE SERVICES LIMITED",NA,NA,NA
"258","MONTAGE SERVICES LIMITED",NA,NA,NA
"259","DALEPEAK LIMITED",NA,NA,NA
"260","ONE TO ONE CRISIS INTERVENTION LIMITED",NA,NA,NA
"261","MOTIVATIONS ACTIVITY PROJECTS LTD.",NA,NA,NA
"262","PROGRESSIVE CARE LIMITED",NA,NA,NA
"263","PLATINUM SERVICES FOR CHILDREN (RESIDENTIAL CARE) LIMITED",NA,NA,NA
"264","Q PLUS PLUS LIMITED",NA,NA,NA
"265","STEP-A-SIDE COMPANY LIMITED",NA,NA,NA
"266","CARE ASSIST CHILDRENS SERVICES LTD",NA,NA,NA
"267","PADDOCK HOUSE LIMITED",NA,NA,NA
"268","PROACTIVE CARE SERVICES LIMITED",NA,NA,NA
"269","M.J. CHILDRENS SERVICES LIMITED",NA,NA,NA
"270","CANE & ABLE HEALTH CARE LIMITED",NA,NA,NA
"271","OUTDOOR CARE LTD",NA,NA,NA
"272","CARE HAVEN (UK) LTD",NA,NA,NA
"273","MIG HOUSE RESIDENTIAL CARE HOME LIMITED",NA,NA,NA
"274","HAPPY FAMILIES CHILD CARE LIMITED",NA,NA,NA
"275","CONQUERED LIMITED",NA,NA,NA
"276","APPLETREE TREATMENT CENTRE LIMITED",NA,NA,NA
"277","WITHERSLACK WILTSHIRE LIMITED",NA,NA,NA
"278","ARNFIELD CARE LIMITED",NA,NA,NA
"279","MY CHOICE CHILDREN'S HOMES LIMITED",NA,NA,NA
"280","OASIS CARE SERVICES LIMITED",NA,NA,NA
"281","REAMCARE LIMITED",NA,NA,NA
"282","INGLESIDE CHILDREN'S HOME LTD",NA,NA,NA
"283","COMPASS CHILDREN'S HOMES KENT LIMITED",NA,NA,NA
"284","WYNN HOMES LIMITED",NA,NA,NA
"285","HARTMORE EDUCATION LIMITED",NA,NA,NA
"286","QUALITY PROTECTS CHILDREN LTD",NA,NA,NA
"287","FUTURE IN MIND LIMITED",NA,NA,NA
"288","ARRONBETH LTD",NA,NA,NA
"289","PROGRESS CHILDREN'S SERVICES LIMITED",NA,NA,NA
"290","CHILD FIRST LIMITED",NA,NA,NA
"291","CORNERWAYS CHILDRENS SERVICES LIMITED",NA,NA,NA
"292","HORIZON CARE LIMITED",NA,NA,NA
"293","GOOD FOUNDATION LTD",NA,NA,NA
"294","HORTON ESTABLISHMENTS LTD",NA,NA,NA
"295","P.I.C. CHILDRENS' SERVICES LIMITED",NA,NA,NA
"296","CREATING CARE CHOICES LIMITED",NA,NA,NA
"297","KITES CHILDRENS SERVICES LIMITED",NA,NA,NA
"298","ACTIVE ARK LIMITED",NA,NA,NA
"299","COUNTRY CARE CHILDRENS HOMES LTD",NA,NA,NA
"300","SEARCHLIGHT CARE SERVICES LIMITED",NA,NA,NA
"301","VERVE LIFE LIMITED",NA,NA,NA
"302","CHOICES HOME FOR CHILDREN LIMITED",NA,NA,NA
"303","PERSONAL SECURITY SERVICE LTD",NA,NA,NA
"304","ROC FAMILY TIME LIMITED",NA,NA,NA
"305","AFTER CARE (N W) LIMITED",NA,NA,NA
"306","DISCOVERED LIMITED",NA,NA,NA
"307","ANNA HOUSE LIMITED",NA,NA,NA
"308","BLACKFORD EDUCATION (SCHOOLS) LIMITED",NA,NA,NA
"309","INMIND CHILDREN'S SERVICES LIMITED",NA,NA,NA
"310","CARE MANAGEMENT SOLUTIONS LIMITED",NA,NA,NA
"311","LITTLE ACORNS LONDON BEACH FARM LIMITED",NA,NA,NA
"312","SPRINGFIELD ROAD CHILDRENS HOMES LTD",NA,NA,NA
"313","CARE 2 SHARE LIMITED",NA,NA,NA
"314","TREEHOUSE CARE FOSTERING SOLUTIONS LIMITED",NA,NA,NA
"315","SOCIAL CARE SERVICES (CLAYTON) LIMITED",NA,NA,NA
"316","MULBERRY HOUSE CARE HOMES LIMITED",NA,NA,NA
"317","J & R CARE LIMITED",NA,NA,NA
"318","SAFEHAVEN RESIDENTIAL AND RESPITE CARE LIMITED",-44.688,-43.246,NA
"319","BROADLANDS HALL LIMITED",NA,NA,NA
"320","THE CUCKFIELD CARE CONSULTANCY LIMITED",NA,NA,NA
"321","THE SENAD GROUP LIMITED",NA,NA,NA
"322","NH CARE LIMITED",NA,NA,NA
"323","CARE FOCUS LIMITED",NA,NA,NA
"324","A J RESIDENTIAL CARE LTD",NA,NA,NA
"325","ESLAND SOUTH LIMITED",10.385,12.8433333333333,62.195
"326","BEAUFORT CARE GROUP LIMITED",NA,NA,NA
"327","THE BEECHES UK LIMITED",NA,NA,NA
"328","ADVENTURE CARE LIMITED",NA,NA,NA
"329","AMICUS RESIDENTIAL CARE LIMITED",19.3425,20.3925,NA
"330","GRACE CARE LIMITED",NA,NA,NA
"331","ASHDOWN CARE HOMES LTD",NA,NA,NA
"332","ARCHWAYS CARE LTD",NA,NA,NA
"333","THUNDERBOLT MOBILE LIMITED",NA,NA,NA
"334","RAINBOW CORNER LIMITED",NA,NA,NA
"335","PINE FOREST HOMES LIMITED",NA,NA,NA
"336","BRANAS ISAF (HOLDINGS) LIMITED",NA,NA,NA
"337","FOOTSTEPS CARE HOMES LIMITED",NA,NA,NA
"338","HELM CARE SERVICES LTD",NA,NA,NA
"339","PILGRIMS CORNER LIMITED",NA,NA,NA
"340","SES AVOCET LIMITED",NA,NA,NA
"341","ROSEDALE CHILDREN'S SERVICES LIMITED",3.8675,9.7375,61.73875
"342","BENJAMIN UK LTD",NA,NA,NA
"343","CHILDREN ASSISTED IN A REAL ENVIRONMENT LTD",NA,NA,NA
"344","WOODSIDE HOUSE CARE LTD",NA,NA,NA
"345","POSITIVE STEPS (CARE SERVICES) LIMITED",NA,NA,NA
"346","LAUREL LEAF HOMES LTD",NA,NA,NA
"347","TIMEOUT CHILDRENS HOMES LIMITED",NA,NA,NA
"348","LIFETIME OPPORTUNITIES LTD",NA,NA,NA
"349","DMR SERVICES LIMITED",NA,NA,NA
"350","CHILDREN AND FAMILY SERVICES LIMITED",NA,NA,NA
"351","PROGRESSIVE FUTURES CARE LIMITED",NA,NA,NA
"352","SMARTCARE SERVICES LIMITED",2.766,3.122,26.86
"353","NEW FOUNDATIONS CARE HOMES LIMITED",NA,NA,NA
"354","HOLIBROOK HOUSE LIMITED",NA,NA,NA
"355","HOWARD HOUSE CARE LIMITED",NA,NA,NA
"356","WILLOWS (DEVON) LIMITED",NA,NA,NA
"357","S P HOMES LIMITED",NA,NA,NA
"358","A & T HOMES LIMITED",NA,NA,NA
"359","PERSONAL SECURITY SERVICE LIMITED",NA,NA,NA
"360","QUALITY CARE HOMES (UK) LIMITED",NA,NA,NA
"361","SATASH COMMUNITY CARE PROJECT LIMITED",NA,NA,NA
"362","CHOICES 4 CHILDREN LTD",NA,NA,NA
"363","OAKFIELDS CHILDREN'S CARE LIMITED",NA,NA,NA
"364","GOOD FOUNDATIONS LIMITED",NA,NA,NA
"365","LIVING LIFE (UK) LIMITED",NA,NA,NA
"366","MILESTONES CARE HOMES LTD",NA,NA,NA
"367","FAIRPORT CARE SERVICES LIMITED",NA,NA,NA
"368","PARK BLUE HOMES LIMITED",NA,NA,NA
"369","EXCEPTIONAL CARE LIMITED",NA,NA,NA
"370","INDEPENDENT LIVING SERVICES (NORTH WEST) LIMITED",NA,NA,NA
"371","SUPPORTING FUTURES LIMITED",NA,NA,NA
"372","MANGROVE CARE LTD",NA,NA,NA
"373","KARTIKEYA SOLUTIONS LIMITED",NA,NA,NA
"374","OSEI MINKAH CARE LIMITED",NA,NA,NA
"375","ORACLE CARE LIMITED",8.78111111111111,16.2444444444444,62.3122222222222
"376","FOOTSTEPS CARE LIMITED",NA,NA,NA
"377","ARC ADVENTURE (SUSSEX) LTD",NA,NA,NA
"378","FIRST 4 CARE LIMITED",NA,NA,NA
"379","INROADS (ESSEX) LTD",NA,NA,NA
"380","KESWICK CARE LIMITED",NA,NA,NA
"381","GS SOCIAL CARE SOLUTIONS LTD",NA,NA,NA
"382","RIGHT-TRAK LIMITED",NA,NA,NA
"383","PJL HEALTHCARE LIMITED",NA,NA,NA
"384","CHERRY COTTAGE LIMITED",NA,NA,NA
"385","TULIP CARE ONE LIMITED",NA,NA,NA
"386","AMOS AFTERCARE MOVING ON SCHEME LTD",NA,NA,NA
"387","ERA CARE LIMITED",NA,NA,NA
"388","MAPLE LEAF CARE LIMITED",NA,NA,NA
"389","CRYSTAL CARE SOLUTIONS LIMITED",NA,NA,NA
"390","LANGLEY HOUSE (HARWICH) LIMITED",NA,NA,NA
"391","C F SOCIAL WORK LIMITED",NA,NA,NA
"392","CLOVER CHILDCARE SERVICES LIMITED",NA,NA,NA
"393","ABC CARE AND EDUCATION LTD",NA,NA,NA
"394","N H CARE LIMITED",NA,NA,NA
"395","CAPSTONE CARE PROVIDER LIMITED",NA,NA,NA
"396","NEXT STEPS AFTERCARE LIMITED",NA,NA,NA
"397","EMPOWER FAMILY SUPPORT SERVICES LTD",NA,NA,NA
"398","MADIBA LIMITED",NA,NA,NA
"399","THE QALB SHORT BREAK SERVICES LTD",NA,NA,NA
"400","BENECARE LIMITED",NA,NA,NA
"401","IDEM LIVING LTD",NA,NA,NA
"402","LODGE GROUP CARE UK LIMITED",NA,NA,NA
"403","SANKOFA CARE LIMITED",NA,NA,NA
"404","TOTAL CARE MATTERS LTD",NA,NA,NA
"405","POTTON HOMES LTD",NA,NA,NA
"406","EAST MIDLANDS CARE MATTERS LIMITED",NA,NA,NA
"407","PLUS ONE (SOUTH WEST) LIMITED",NA,NA,NA
"408","ST HILL ESTABLISHMENTS LTD",NA,NA,NA
"409","GREENACRE CARE SERVICES LIMITED",NA,NA,NA
"410","FAMILY CARE EDUCATION LIMITED",NA,NA,NA
"411","COVE CARE RESIDENTIAL LIMITED",NA,NA,NA
"412","KEY CHANGE CHILDREN'S SERVICE LIMITED",NA,NA,NA
"413","WESTGATE LIFESTYLE PROJECT LIMITED",NA,NA,NA
"414","LIBRE LIVING LIMITED",NA,NA,NA
"415","SURECARE RESIDENTIAL LTD",NA,NA,NA
"416","EVOLUTION CHILDREN SERVICES LTD",NA,NA,NA
"417","SEASIDE CARE HOMES LIMITED",NA,NA,NA
"418","ONE STEP CARE LIMITED",NA,NA,NA
"419","SEMI-INDEPENDENT HOUSE LIMITED",NA,NA,NA
"420","RITE DIRECTIONS LTD",NA,NA,NA
"421","FULL CIRCLE CARE LTD",NA,NA,NA
"422","TULIP CARE TWO LIMITED",NA,NA,NA
"423","ACORN CARE (UK) LIMITED",NA,NA,NA
"424","FAIRFIELD RESIDENTIAL LIMITED",NA,NA,NA
"425","CORNERSTONE CHILDREN'S HOMES LIMITED",NA,NA,NA
"426","DUTY OF CARE LIMITED",NA,NA,NA
"427","CHANNELS AND CHOICES LIMITED",NA,NA,NA
"428","GREEN VIEW YOUNG PEOPLE LIMITED",NA,NA,NA
"429","ISLAND CHOICES LTD",NA,NA,NA
"430","FRANCES HOUSE LTD",NA,NA,NA
"431","THE SERENDIPITY CENTRE LIMITED",NA,NA,NA
"432","OUR PLACE (2008) LIMITED",NA,NA,NA
"433","RUBICON CHILDREN & FAMILY SERVICES LIMITED",NA,NA,NA
"434","CRUSOE CARE LIMITED",21.46,23.2466666666667,NA
"435","EAGLE CHILDRENS HOME LIMITED",NA,NA,NA
"436","CF SUPPORT SERVICES LIMITED",NA,NA,NA
"437","DIRECT CARE LTD",NA,NA,NA
"438","TEEN-WORKS CARE LIMITED",NA,NA,NA
"439","PARK LANE RESIDENTIAL HOME LIMITED",NA,NA,NA
"440","DETAIL PERSONNEL CARE LIMITED",NA,NA,NA
"441","UTOPIA CHILDRENS SERVICES LIMITED",NA,NA,NA
"442","JAMORES LIMITED",-4.98,-2.14666666666667,NA
"443","ROUNDHOUSE CARE LIMITED",NA,NA,NA
"444","PRESTIGE ADOLESCENT CARE AND EDUCATION LIMITED",NA,NA,NA
"445","INSPIRE CHILDRENS SERVICES LIMITED",NA,NA,NA
"446","ROSEBERRY SPECIALIST CARE CENTRES LIMITED",NA,NA,NA
"447","ASPIRE CHILD CARE LTD",NA,NA,NA
"448","COMPASS CHILDREN'S HOMES NORTH EAST LIMITED",NA,NA,NA
"449","HIGHFIELD (NORTH EAST) LIMITED",NA,NA,NA
"450","LYNSTEAD CHILDRENS SERVICES LTD",NA,NA,NA
"451","ALBRIGHTON CARE HOMES LTD",NA,NA,NA
"452","IMAP CENTRE LIMITED",NA,NA,NA
"453","WINSBEACH CHILDREN'S HOME LIMITED",NA,NA,NA
"454","GREEN HARVEST CAPITAL CONSULTING LTD",NA,NA,NA
"455","HEARTWOOD RESIDENTIAL SERVICES LTD",NA,NA,NA
"456","INSPIRE CARE (UK) LIMITED",NA,NA,NA
"457","MOONREACH LIMITED",NA,NA,NA
"458","POSITIVE PATHWAYS LIMITED",NA,NA,NA
"459","CARE AND MANAGEMENT SERVICES LIMITED",NA,NA,NA
"460","PCT CARE SERVICES LIMITED",NA,NA,NA
"461","HOMES FOR SUPPORT LTD",NA,NA,NA
"462","MAYNE ENTERPRISES LIMITED",NA,NA,NA
"463","THE VINE RESIDENTIAL SERVICES (TVRS) LTD",NA,NA,NA
"464","FONJOCK'S SOCIAL WORK PRACTICE LIMITED",NA,NA,NA
"465","PARKVIEW CARE (BROADSTAIRS) LIMITED",NA,NA,NA
"466","NESTLINGS CARE LTD",NA,NA,NA
"467","ARC HD SERVICES LIMITED",NA,NA,NA
"468","FIRST STEPS CARE LTD",NA,NA,NA
"469","SERENITY SPECIALIST CARE LIMITED",NA,NA,NA
"470","CHANCES CCFSS LIMITED",NA,NA,NA
"471","WINDOWS FOR CHILDREN LIMITED",NA,NA,NA
"472","ENHANCED YOUNG PERSONS' CARE LIMITED",NA,NA,NA
"473","ADECYN CHILDREN'S HOME LTD",NA,NA,NA
"474","HARMONY CHILDREN'S SERVICES LIMITED",NA,NA,NA
"475","HOPSCOTCH CARE LIMITED",NA,NA,NA
"476","EMBRACE CARE LTD",NA,NA,NA
"477","FUTURE FOCUSED LTD",NA,NA,NA
"478","ENABLING FUTURES LTD",NA,NA,NA
"479","THE CHARTWELL GROUP OF COMPANIES LIMITED",NA,NA,NA
"480","CHERISH CHILDRENS CARE LTD",NA,NA,NA
"481","BACK ON TRACK CHILDREN'S SERVICES SE LTD",23.09,26.3333333333333,NA
"482","A SIGNIFICANT OTHER LIMITED",NA,NA,NA
"483","RONANDA LIMITED",NA,NA,NA
"484","ASPIREONE CARE LIMITED",NA,NA,NA
"485","R PLACE LIMITED",NA,NA,NA
"486","G B A CARE LIMITED",NA,NA,NA
"487","ALICIE ENTERPRISES LIMITED",NA,NA,NA
"488","RESTORING LIVES LTD",NA,NA,NA
"489","IN SAFE HANDS CARE LTD",NA,NA,NA
"490","SHYNE TOGETHER LIMITED",NA,NA,NA
"491","SWAAY CHILD AND ADOLESCENT SERVICES LIMITED",1.63,12.19,68.545
"492","CASC (BARROW) LIMITED",NA,NA,NA
"493","JOHN-EDWARDS CARE HOMES LTD",NA,NA,NA
"494","BARFORD CHILDREN'S SERVICES LIMITED",NA,NA,NA
"495","KENNET CARE LIMITED",NA,NA,NA
"496","MGM CARE SERVICES LTD",NA,NA,NA
"497","ASPIRE RESIDENTIAL CARE HOME LTD",NA,NA,NA
"498","UNITED CHILDREN'S SERVICES LIMITED",NA,NA,NA
"499","PHYSIS QUANTUM LIMITED",NA,NA,NA
"500","LYTHAM CARE LIMITED",NA,NA,NA
"501","INSPIRATIONS LEICESTERSHIRE LIMITED",NA,NA,NA
"502","OAKLEY HOUSE CHILDRENS HOME LIMITED",NA,NA,NA
"503","ASTON CHILDREN'S CARE LTD",NA,NA,NA
"504","STRENGTHENING SUPPORT SERVICES LTD",NA,NA,NA
"505","FOOTSTEPS A PATH TO CHANGE 08 LIMITED",NA,NA,NA
"506","ARGF LIMITED",NA,NA,NA
"507","HOPEDALE CHILDREN AND FAMILY SERVICES LIMITED",NA,NA,NA
"508","HOLISTIC CARE SERVICE NATIONWIDE LIMITED",NA,NA,NA
"509","SES TURNSTONE LIMITED",NA,NA,NA
"510","FLYING SPUR LIMITED",NA,NA,NA
"511","STANFIELD CARE SERVICES LIMITED",NA,NA,NA
"512","SAFE BASE CARE LIMITED",NA,NA,NA
"513","PLATFORM CHILDCARE LTD",NA,NA,NA
"514","HEARTWOOD RSW LTD",NA,NA,NA
"515","NURTURE CHILDCARE SERVICES LTD",NA,NA,NA
"516","BTTLR LIMITED",NA,NA,NA
"517","ALTUM RESIDENTIAL CARE LTD",NA,NA,NA
"518","WHITE ORCHID CARE LIMITED",NA,NA,NA
"519","NORTH EAST SPECIALIST THERAPEUTIC SERVICES CIC",NA,NA,NA
"520","SERENITY CARE HOMES LTD",NA,NA,NA
"521","ASCENT FOSTERING AGENCY LIMITED",NA,NA,NA
"522","NEXT STAGE 4 LIFE LTD",NA,NA,NA
"523","PRO SUPPORT LTD",NA,NA,NA
"524","POSITIVE OUTCOMES CHILDCARE LIMITED",NA,NA,NA
"525","SPORTFIT SUPPORT SERVICES LIMITED",NA,NA,NA
"526","WHAT'S OUT THERE LIMITED",NA,NA,NA
"527","ACORN CHILDREN'S HOME (BURTON) LTD",NA,NA,NA
"528","KATTZ (AH) LTD",NA,NA,NA
"529","INVESTING IN CHILDREN CIC",NA,NA,NA
"530","MY3 LTD",NA,NA,NA
"531","ALBRIGHTON CARE LIMITED",NA,NA,NA
"532","TRULY CARE SERVICES LTD",NA,NA,NA
"533","CONTINUUM SUPPORT - CARE SERVICES LTD",NA,NA,NA
"534","OAK HOUSE CHILDRENS HOME LTD",NA,NA,NA
"535","SWAN COTTAGE LIMITED",NA,NA,NA
"536","AMEGREEN CHILDRENS SERVICES LIMITED",NA,NA,NA
"537","247 BLUEBELL CARE LIMITED",NA,NA,NA
"538","STEPS 4 LIFE CARE LTD",NA,NA,NA
"539","CHARTWELL CARE SERVICES LIMITED",NA,NA,NA
"540","2ND NURTURE LIMITED",NA,NA,NA
"541","KEIR LOCK CHILDRENS HOMES LTD",NA,NA,NA
"542","IMPACT CHILDCARE AND EDUCATION LTD",NA,NA,NA
"543","ACCALIA CARE SERVICES LTD",NA,NA,NA
"544","ASPIRE HOUSE LTD",NA,NA,NA
"545","1848 LTD",NA,NA,NA
"546","INDIVIDUAL SPECIALIST CARE LTD",NA,NA,NA
"547","SOLID GLOBAL LIMITED",NA,NA,NA
"548","SHALAMAR CHILDREN LIMITED",NA,NA,NA
"549","PROACTIVE CARE (MANCHESTER) LTD",NA,NA,NA
"550","HENNESSY LIVING GROUP LIMITED",NA,NA,NA
"551","RIVER VALLEY CARE LIMITED",NA,NA,NA
"552","CLOUDS CHILDRENS CARE LIMITED",NA,NA,NA
"553","LEEWARD CARE LIMITED",NA,NA,NA
"554","RESTORATION CARE & SERVICES LIMITED",NA,NA,NA
"555","ABSOLUTE CHILDRENS SERVICES LTD",NA,NA,NA
"556","FOOTSTEPS TO FUTURES LIMITED",NA,NA,NA
"557","OAK CHILDCARE PLUS LIMITED",NA,NA,NA
"558","ACORN RESIDENTIAL CARE LTD",NA,NA,NA
"559","APPROACH-DEVELOPMENT (NE) LTD.",NA,NA,NA
"560","NETHEREDGE CARE LIMITED",NA,NA,NA
"561","CARBREY CARE LTD",NA,NA,NA
"562","LIFE CHANGE CARE LTD",NA,NA,NA
"563","LONSDALE CARE LTD",NA,NA,NA
"564","CORNERWAYS CARE LTD",NA,NA,NA
"565","BEACON CHILDCARE LTD",NA,NA,NA
"566","JMR HEALTHCARE LTD",NA,NA,NA
"567","WHITE ORCHID MARSTON MORETAINE LIMITED",NA,NA,NA
"568","AURORA CARE YOUNG PEOPLE'S SERVICES LIMITED",NA,NA,NA
"569","SUPPORTING HANDS CARE SERVICES LTD",NA,NA,NA
"570","HARMONY RESIDENTIAL HOMES LTD",NA,NA,NA
"571","POSITIVE INDIVIDUAL PROACTIVE SUPPORT LIMITED",NA,NA,NA
"572","FRIENDS & CO LIMITED",NA,NA,NA
"573","NEWRAYS CARE SERVICES LIMITED",NA,NA,NA
"574","A & T HOME LIMITED",NA,NA,NA
"575","ICARE CHILDRENS SERVICES LIMITED",NA,NA,NA
"576","RESOLUTE CARE LTD",NA,NA,NA
"577","A&R GUARDIAN SERVICES LIMITED",NA,NA,NA
"578","24/7 SUPPORT UK LIMITED",NA,NA,NA
"579","HOLISTIC APPROACH LTD",NA,NA,NA
"580","ACHIEVING ASPIRATIONS COMMUNITY INTEREST COMPANY",NA,NA,NA
"581","HORIZON RESIDENTIAL HOMES LIMITED",NA,NA,NA
"582","CHILDREN OF THE MANGROVE LIMITED",NA,NA,NA
"583","FRIENDS TOGETHER CARE HOMES LTD",NA,NA,NA
"584","HEADWAY HOUSE LIMITED",NA,NA,NA
"585","PHOENIX CARE & EDUCATION LTD",NA,NA,NA
"586","JAYNE HOMES LIMITED",NA,NA,NA
"587","HYGGE CARE LTD",NA,NA,NA
"588","OMEGA CARE GROUP LTD",NA,NA,NA
"589","PELICAN CARE GROUP LTD",NA,NA,NA
"590","TLC YOUTH CARE LIMITED",NA,NA,NA
"591","HAPPY GROUP (UK) LIMITED",NA,NA,NA
"592","GORDON CARE SERVICES LIMITED",NA,NA,NA
"593","NEXT STEP INDEPENDENCE LIMITED",NA,NA,NA
"594","UBUNTU GROUP LTD",NA,NA,NA
"595","A & S CHILDRENS SERVICES LTD",NA,NA,NA
"596","GRACEWELLS CARE LIMITED",NA,NA,NA
"597","DOONAMIS LIMITED",NA,NA,NA
"598","ADVISING HEALTH AND SOCIAL-CARE LIMITED",NA,NA,NA
"599","SHERLOCK HEALTHCARE SERVICES LTD",NA,NA,NA
"600","SOLENT CHILD CARE LIMITED",NA,NA,NA
"601","JUVENTAS SERVICES LIMITED",NA,NA,NA
"602","T. HOW HOMELY LIMITED",NA,NA,NA
"603","AURORA CARE AND EDUCATION OPCO LIMITED",-51.85,-44.636,NA
"604","BAY TREE HOUSE (GRAVESEND) LIMITED",NA,NA,NA
"605","NORTHRIDGE CARE GROUP LTD",NA,NA,NA
"606","G.V KIDS LTD",NA,NA,NA
"607","GOOD NEWS NWK LTD",NA,NA,NA
"608","ADVOCATE RECRUITMENT LTD",NA,NA,NA
"609","HORIZON TRANSITIONAL CARE LTD",NA,NA,NA
"610","ASPIRE CARE AND EDUCATION SERVICES LIMITED",NA,NA,NA
"611","PROSPERITY CHILDRENS SERVICES LIMITED",NA,NA,NA
"612","MY3 LIMITED",NA,NA,NA
"613","HORIZON INDEPENDENT CARE LTD",NA,NA,NA
"614","STEPPING STONES CHILDRENS HOMES LIMITED",NA,NA,NA
"615","EVERGREEN CHILDRENS HOME LTD",NA,NA,NA
"616","WATERMEAD CARE LTD",NA,NA,NA
"617","MONARCH INTERVENTION SERVICES LIMITED",NA,NA,NA
"618","HAVEN CARE GROUP LIMITED",NA,NA,NA
"619","HEADSTART RESIDENTIAL CARE LTD",NA,NA,NA
"620","HOLME FARM RESIDENTIAL VILLAGE LIMITED",NA,NA,NA
"621","NURTURE ME PSYCHOLOGICAL SERVICES LTD",NA,NA,NA
"622","4PUREHEART LIMITED",NA,NA,NA
"623","ACORN CHILDREN'S HOME (BRANSTON) LTD",NA,NA,NA
"624","ORCHARD CHILDREN HOMES LTD",NA,NA,NA
"625","CHILDREN & ADOLESCENTS PLACEMENT PROVISIONS LTD",NA,NA,NA
"626","HOLLY LODGE HOME LTD",NA,NA,NA
"627","LASKA CARE AND EDUCATION LTD",NA,NA,NA
"628","IMPACT FOR CHANGE LTD",NA,NA,NA
"629","NEW FUTURES (CHILDREN) SERVICES LTD",NA,NA,NA
"630","LITTLE BELSTEADS CARE HOME LIMITED",NA,NA,NA
"631","GRAVITAS CARE LIMITED",NA,NA,NA
"632","RESILIENCE NORTH EAST LIMITED",NA,NA,NA
"633","RAISE HOUSE LIMITED",NA,NA,NA
"634","CURAM DOMI SOLUTIONS LTD",NA,NA,NA
"635","KELWEL CARE LIMITED",NA,NA,NA
"636","FLOURISH (GLOUCESTERSHIRE) LIMITED",NA,NA,NA
"637","ASHWOOD CHILDRENS CARE HOME LTD",NA,NA,NA
"638","STONE LAKE LONDON LIMITED",NA,NA,NA
"639","WROTTESLEY CARE LIMITED",NA,NA,NA
"640","APEX CHILDRENS SERVICES LTD",NA,NA,NA
"641","PSS CARE GROUP LIMITED",NA,NA,NA
"642","FORMATIONS CARE SERVICES LTD",NA,NA,NA
"643","RESTORATIVE SOCIAL CARE SERVICES LTD.",NA,NA,NA
"644","THE GOOD SUPPORT GROUP LIMITED",NA,NA,NA
"645","CASAEGIS LIMITED",NA,NA,NA
"646","T-JUNCTION CHILDRENS SERVICES LTD",NA,NA,NA
"647","OAKTREE CHILDCARE LIMITED",NA,NA,NA
"648","CLOSER 2 HOME LIMITED",NA,NA,NA
"649","GRACEBRIDGE CARE LIMITED",NA,NA,NA
"650","NIRMAL HOMES LIMITED",NA,NA,NA
"651","EXITUS CHILDRENS CARE LTD",NA,NA,NA
"652","SKYLINE CHILD CARE LIMITED",NA,NA,NA
"653","SUNLIGHT CHILDREN'S CARE LIMITED",NA,NA,NA
"654","SOLACE FOR CHILDREN LIMITED",NA,NA,NA
"655","FLORINEE HOMES LTD",NA,NA,NA
"656","LONGBOAT SPECIAL EDUCATION LTD.",NA,NA,NA
"657","OUTBOUND CARE LIMITED",NA,NA,NA
"658","EVOKE CARE GROUP LIMITED",NA,NA,NA
"659","CASCADE (BANKS HOUSE) LIMITED",NA,NA,NA
"660","BRYTHAN HOUSE LIMITED",NA,NA,NA
"661","CAMERON & COOPER LIMITED",NA,NA,NA
"662","ALL ROUND CARE LTD",NA,NA,NA
"663","PATHWAYS RESIDENTIAL CHILD CARE LIMITED",NA,NA,NA
"664","HAPPY CHILDREN HOME LIMITED",NA,NA,NA
"665","STEP UP CHILDREN AND FAMILY SERVICES LIMITED",NA,NA,NA
"666","HEATHCOTES CS LIMITED",NA,NA,NA
"667","WILLCOB CARE LTD",NA,NA,NA
"668","CARE PERSPECTIVES LIMITED",NA,NA,NA
"669","CHANGING LIVES CARE GROUP LTD",NA,NA,NA
"670","NUEVAVIDA NE LTD",NA,NA,NA
"671","AUTONOMY PLUS LIMITED",NA,NA,NA
"672","JIGSAW THERAPEUTIC CARE LTD",NA,NA,NA
"673","K & G CARE LTD",NA,NA,NA
"674","SOTERIA HOUSE LIMITED",NA,NA,NA
"675","IVIE LODGE LIMITED",NA,NA,NA
"676","GARWAY YOUNG PEOPLE LIMITED",NA,NA,NA
"677","NEW ROOTS CHILDREN'S SERVICES LIMITED",NA,NA,NA
"678","WOODFORD CHILDREN'S HOME LIMITED",NA,NA,NA
"679","TAB CARE AND SUPPORT LTD",NA,NA,NA
"680","HOLYWELL CHILDREN'S SERVICES LIMITED",NA,NA,NA
"681","HARMONY CHILDCARE RESIDENTIAL HOMES LTD",NA,NA,NA
"682","LOYAL CARE LIMITED",NA,NA,NA
"683","TEES-VALLEY CARE LIMITED",NA,NA,NA
"684","ALEXANDERS HOUSE LTD.",NA,NA,NA
"685","'DE NOVO' CARE LTD",NA,NA,NA
"686","OCTAGON CARE LTD",NA,NA,NA
"687","R.E.A.C.H CHC LIMITED",NA,NA,NA
"688","NEW BEGINNINGS YOUNG PEOPLE'S CARE AND SUPPORT SERVICES LTD",NA,NA,NA
"689","FIRST BLUE HEALTHCARE LIMITED",NA,NA,NA
"690","VCARE-24 LIMITED",NA,NA,NA
"691","SMOOTH STONE CARE AND EDUCATION LIMITED",NA,NA,NA
"692","MUTUAL CARE LIMITED",NA,NA,NA
"693","INVESTED CHILDCARE LTD",NA,NA,NA
"694","VITALITY CARE RESIDENTIAL LIMITED",NA,NA,NA
"695","LAVENDER GROVE CARES LTD.",NA,NA,NA
"696","BLUE ELEPHANT CHILDCARE LTD",NA,NA,NA
"697","LIGHTHOUSE SOUTHWEST LTD",NA,NA,NA
"698","D&J CARE SERVICES-RESIDENTIAL LTD",NA,NA,NA
"699","DORSET EMERGENCY PLACEMENT SERVICES LTD.",NA,NA,NA
"700","A&M CARE SOLUTIONS LTD",NA,NA,NA
"701","5AB CARE LTD",NA,NA,NA
"702","PURE GRACE HOMES LIMITED",NA,NA,NA
"703","PCF RESIDENTIAL CHILDCARE LTD",NA,NA,NA
"704","MY LIFE CHOICE LTD",NA,NA,NA
"705","HEARTWOOD RSC LTD",NA,NA,NA
"706","4 KEYS CARE LTD",NA,NA,NA
"707","HALLS HOMES FOR YOUNG PEOPLE LTD",NA,NA,NA
"708","PROTEA CARE LIMITED",NA,NA,NA
"709","CHERISHED AND DEVOTED CARE LTD",NA,NA,NA
"710","NISA CARE HOME LIMITED",NA,NA,NA
"711","ASPIRE 2 BE LTD",NA,NA,NA
"712","XYP CHILDCARE LIMITED",NA,NA,NA
"713","HAZELMONT CARE LIMITED",NA,NA,NA
"714","PILGRIMAGE SHORT STAY RECOVERY UNITS LTD",NA,NA,NA
"715","LAKESIDE@OURPLACE LIMITED",NA,NA,NA
"716","CATERPILLAR CARE SERVICES LTD",NA,NA,NA
"717","GENESIS CTE LIMITED",NA,NA,NA
"718","HAND IN HAND CHILDCARE LTD",NA,NA,NA
"719","ALLESLEY CHILDRENS CARE LTD",NA,NA,NA
"720","BIRCHWOOD INDEPENDENCE LTD",NA,NA,NA
"721","WYNFORD HOUSE LTD",NA,NA,NA
"722","BRINSCALL CARE LIMITED",NA,NA,NA
"723","BLOSSOM CARE GROUP LIMITED",NA,NA,NA
"724","NML CARE LIMITED",NA,NA,NA
"725","SOLACE CARE PARTNERS LTD",NA,NA,NA
"726","PASTURE VIEW NURTURING HOMES LTD.",NA,NA,NA
"727","PINNACLE CARE PROVISIONS LTD",NA,NA,NA
"728","FUSION COLLEGE LTD",NA,NA,NA
"729","WILLOWS 21 LTD",NA,NA,NA
"730","ABSOLUTE CHILDRENS CARE LTD",NA,NA,NA
"731","IVORY COTTAGE LTD",NA,NA,NA
"732","PRIME ADOLESCENCE LIMITED",NA,NA,NA
"733","ABBEY GREEN THERAPEUTIC CHILDREN'S SERVICES LTD",NA,NA,NA
"734","EMPOWER RESIDENTIALS LIMITED",NA,NA,NA
"735","HAPIN CARE LTD",NA,NA,NA
"736","TRESSELL HOMES LTD",NA,NA,NA
"737","REAL CARE SUPPORT LIMITED",NA,NA,NA
"738","SBL CARESERVICES (UK) LTD",NA,NA,NA
"739","EVENTUS ACHIEVES LIMITED",NA,NA,NA
"740","CEDARWAYS RESIDENTIAL CHILD CARE LARKHILL HOUSE LIMITED",NA,NA,NA
"741","CARE2CARE CHILDREN'S HOME LTD",NA,NA,NA
"742","JAMES KIDS HOME LTD",NA,NA,NA
"743","CAPITAL CHILDREN'S CARE LTD",NA,NA,NA
"744","PBS CARE HOMES LTD",NA,NA,NA
"745","ABUNDANTIA CARE LIMITED",NA,NA,NA
"746","MERCIA CHILDREN SERVICES LIMITED",NA,NA,NA
"747","SOZO CARE HOMES LIMITED",NA,NA,NA
"748","LOWEN SPECIALIST EDUCATION SERVICES LTD",NA,NA,NA
"749","MANUEL CORNWALL LTD",NA,NA,NA
"750","MOMENTUM RESIDENTIAL CARE HOME LTD",NA,NA,NA
"751","INVIGOR ADOLESCENT CARE LIMITED",NA,NA,NA
"752","PURE CARE HOMES LTD",NA,NA,NA
"753","JASMINE GARDENS PRIVATE LTD",NA,NA,NA
"754","ADVANCED ADOLESCENT CARE SOLUTIONS LIMITED",NA,NA,NA
"755","SWAN CHILDREN'S HOMES LTD",NA,NA,NA
"756","PROSPER AND ENTERPRISE LIMITED",NA,NA,NA
"757","EDUCARE SUPPORT LIMITED",NA,NA,NA
"758","ALMOND CARE CHILDRENS SERVICES LIMITED",NA,NA,NA
"759","JASPER EDUCATION AND SUPPORT SERVICES LIMITED",NA,NA,NA
"760","HIGHER HOPES LTD",NA,NA,NA
"761","AEGIS 24/7 LTD",NA,NA,NA
"762","PALS RESIDENTIAL SERVICES LTD",NA,NA,NA
"763","A-TRIANGLE CARE LTD",NA,NA,NA
"764","UNION HOUSE NW LTD",NA,NA,NA
"765","HEARTWOOD RSL LTD",NA,NA,NA
"766","CARE 4 EVERY CHILD LIMITED",NA,NA,NA
"767","CASTLE CARE HOMES LTD",NA,NA,NA
"768","ALLINONECARE LTD",NA,NA,NA
"769","MADIBA LTD",NA,NA,NA
"770","GUIDANCE CARE LIMITED",NA,NA,NA
"771","HALLIWELL HOMES (MIDLANDS DIVISION) LIMITED",NA,NA,NA
"772","CHILLINGTON CLOSE LTD",NA,NA,NA
"773","YOUNG BIRCH LIMITED",NA,NA,NA
"774","ONEXTRA CARE LTD",NA,NA,NA
"775","SEVA CHILDCARE LTD",NA,NA,NA
"776","WOODFORD CHILDREN'S SERVICES LIMITED",NA,NA,NA
"777","KATTZ (YH) LTD",NA,NA,NA
"778","HILL TOP CHILDRENS CARE LIMITED",NA,NA,NA
"779","ASPIRATION HOUSE LIMITED",NA,NA,NA
"780","BARRACARE LTD",NA,NA,NA
"781","HIGHLANDS (FAREHAM) LIMITED",NA,NA,NA
"782","ATTIVO CARE LIMITED",NA,NA,NA
"783","CHILD FIRST RESIDENTIAL LTD",NA,NA,NA
"784","BFG TOGETHER LTD",NA,NA,NA
"785","PRIME CALIBRE CARE GROUP LTD",NA,NA,NA
"786","SPRING MEADOW CHILDRENS HOME LTD",NA,NA,NA
"787","NORTHWEST YOUTH SERVICES LTD",NA,NA,NA
"788","SW EDUCATION & CARE LTD",NA,NA,NA
"789","GSM ARDENT LIMITED",NA,NA,NA
"790","PARAMOUNT CHILDREN'S SERVICES LTD",NA,NA,NA
"791","PENN INSPIRES LTD",NA,NA,NA
"792","FLOURISH CHILDRENS SERVICES LIMITED",NA,NA,NA
"793","AMELIA HOUSE LIMITED",NA,NA,NA
"794","CHAMPION CHILDREN (NW LONDON) LIMITED",NA,NA,NA
"795","HAZELMONT SOCIAL CARE LIMITED",NA,NA,NA
"796","BIRCHWOOD CHILDRENS SERVICES LIMITED",NA,NA,NA
"797","CONSISTENT QUALITY SUPPORT LTD",NA,NA,NA
"798","NEW PATH RESIDENTIAL LTD",NA,NA,NA
"799","POSITIVE STEPS SPECIALIST CARE SERVICES LIMITED",NA,NA,NA
"800","THRIVE CHILDCARE SERVICES LTD",NA,NA,NA
"801","ACHERON CARE LIMITED",NA,NA,NA
"802","WE CARE BESPOKE LTD",NA,NA,NA
"803","RESI- ACTION STAFFORDSHIRE LTD",NA,NA,NA
"804","SUPPORT AND SUSTAIN CARE LTD",NA,NA,NA
"805","MIDAS MANORS LTD",NA,NA,NA
"806","POSITIVE HOMES FOR POSITIVE FUTURES LIMITED",NA,NA,NA
"807","CARLAR CARE LIMITED",NA,NA,NA
"808","COASTAL QUALITY CARE LTD",NA,NA,NA
"809","FUTURE 19 SOCIAL CARE LIMITED",NA,NA,NA
"810","TRAX MX LTD",NA,NA,NA
"811","GAC FAMILY SERVICES LIMITED",NA,NA,NA
"812","CARE ACRE LIMITED",NA,NA,NA
"813","INFINITY CARE HOME LTD",NA,NA,NA
"814","SUNBRIDGE CHILDCARE LTD",NA,NA,NA
"815","UNIQUE CARE GROUP LTD",NA,NA,NA
"816","OAKLEY HOUSE (KENT) LIMITED",NA,NA,NA
"817","SAFE HAVEN ADOLESCENT CARE GROUP LIMITED",NA,NA,NA
"818","ASHFORD CHILDRENS CARE LIMITED",NA,NA,NA
"819","TREETOPS CHILDREN'S HOMES LIMITED",NA,NA,NA
"820","THE OPEN CARE GROUP LIMITED",NA,NA,NA
"821","STRIVE TO CARE LTD",NA,NA,NA
"822","BESS SOLUTIONS LIMITED",NA,NA,NA
"823","SOLO INDEPENDENT LIVING ADOLESCENT CARE SERVICES LTD",NA,NA,NA
"824","CHARIS SERVICES FOR CHILDREN LTD",NA,NA,NA
"825","HIGH VIEW CHILDRENS SERVICES LIMITED",NA,NA,NA
"826","DIRECT CARE CHILDRENS HOMES LTD",NA,NA,NA
"827","WITHIN REACH SERVICES LIMITED",NA,NA,NA
"828","SUNRISE HILL CARE LTD",NA,NA,NA
"829","EXCEL RESIDENTIAL CARE LIMITED",NA,NA,NA
"830","ZONE CENTRAL LTD",NA,NA,NA
"831","PROTEA CARE 2 LIMITED",NA,NA,NA
"832","THERACARE HOMES LIMITED",NA,NA,NA
"833","FORTE CARE LTD",NA,NA,NA
"834","SOLACE CARE 7KINGS LTD",NA,NA,NA
"835","FAMILY FIRST CARE SERVICES LTD",NA,NA,NA
"836","CHERRY CARE  CHILDREN'S HOME LTD",NA,NA,NA
"837","CONNECT CARE SOLUTIONS LIMITED",NA,NA,NA
"838","BEAR CARE SERVICES LIMITED",NA,NA,NA
"839","SUPREME CHILD CARE LTD",NA,NA,NA
"840","PARKWOOD CARE LIMITED",NA,NA,NA
"841","INNOVATE THERAPEUTIC CARE LIMITED",NA,NA,NA
"842","MJ RESIDENTIAL SERVICES LIMITED",NA,NA,NA
"843","ELITE CHILDREN'S CARE GROUP LTD",NA,NA,NA
"844","CHAMPION CHILDREN (FIG TREE) LIMITED",NA,NA,NA
"845","INDIGO CHILDRENS CARE HOMES LTD",NA,NA,NA
"846","WILLOW TREE CHILDREN'S SERVICES LTD",NA,NA,NA
"847","CLEAR WATER CARE HOMES LTD",NA,NA,NA
"848","TREASURE NEST LIMITED",NA,NA,NA
"849","RESIDENTIAL CHILD CARE COMMUNITY (NORTH WEST) LIMITED",NA,NA,NA
"850","STEPPING STONES CARE (MIDLANDS) LIMITED",NA,NA,NA
"851","C & C UNIQUE CARE SOLUTIONS LTD",NA,NA,NA
"852","CENTRAL & SOUTHERN HOMES LTD",NA,NA,NA
"853","PARAMOUNT CHILDREN CARE LTD",NA,NA,NA
"854","CONTEMPORARY CONCEPT CARE LIMITED",NA,NA,NA
"855","ANCHOR CARE AND EDUCATION LTD",NA,NA,NA
"856","I.M.P.A.C.T CHILDREN'S RESIDENTIAL CARE LTD",NA,NA,NA
"857","G&SCARING FORCHILDREN AND YOUNG PEOPLE LTD",NA,NA,NA
"858","EMERGE CARE AND THERAPEUTIC SOLUTIONS LIMITED",NA,NA,NA
"859","ELEVATED FUTURES LTD",NA,NA,NA
"860","RESILIENCE RESIDENTIAL SERVICES LTD",NA,NA,NA
"861","TRAUMA IN MIND LTD",NA,NA,NA
"862","VITA NOVA NE LTD",NA,NA,NA
"863","HEATHFIELD (PARKGATE) LIMITED",NA,NA,NA
"864","KIDS INC RESIDENTIAL SERVICES LTD",NA,NA,NA
"865","BELMONT RESIDENTIAL CARE LTD",NA,NA,NA
"866","ABOVE AND BEYOND RESIDENTIAL CARE LTD",NA,NA,NA
"867","VIRTUE THERAPEUTIC CARE & EDUCATION (EAST SUSSEX) LIMITED",NA,NA,NA
"868","CYNHENID CARE LTD",NA,NA,NA
"869","BLOSSOM CHILDREN'S HOMES LIMITED",NA,NA,NA
"870","ST. CASPIAN CARE LIMITED",NA,NA,NA
"871","WILLOW CARE GROUP LIMITED",NA,NA,NA
"872","CHAMBERLAIN RESIDENTIAL CARE LTD",NA,NA,NA
"873","SV CARE SERVICES LIMITED",NA,NA,NA
"874","STRIVE AND SUCCEED LTD",NA,NA,NA
"875","AMMA CHILDCARE SERVICES LTD",NA,NA,NA
"876","RISE ABOVE CARE LTD",NA,NA,NA
"877","SOLACE CARE REDBRIDGE LTD",NA,NA,NA
"878","FRESH START CARE GROUP LTD",NA,NA,NA
"879","TJY CARE LTD",NA,NA,NA
"880","SANKOFA SPECIALIST CARE LTD",NA,NA,NA
"881","EVOLVE CHILD CARE LIMITED",NA,NA,NA
"882","JEEVES CARE GROUP LIMITED",NA,NA,NA
"883","SUPERCARE HOLDINGS LTD",NA,NA,NA
"884","SUSSEX CHILDREN'S CARE LTD",NA,NA,NA
"885","EJ CHILDCARE SERVICES LTD",NA,NA,NA
"886","ASH HOUSE CARE LTD",NA,NA,NA
"887","SAFETY & FOCUSED CARE LTD",NA,NA,NA
"888","VITA SPIRIT LIMITED",NA,NA,NA
"889","BAY TREE HOUSE (HIGHAM) LTD",NA,NA,NA
"890","HESTIA HOMES FOR CHILDREN LIMITED",NA,NA,NA
"891","HORIZON CARE MAYFIELD LODGE LIMITED",NA,NA,NA
"892","PRIME NURTURE SERVICES LTD",NA,NA,NA
"893","ROXWELL CARE GIDEA PARK LIMITED",NA,NA,NA
"894","BRIGHT LIFE LIVING (STIRCHLEY) LTD",NA,NA,NA
"895","NURTURE CARE GROUP LTD",NA,NA,NA
"896","SOLACE CARE CLAYHALL LTD",NA,NA,NA
"897","CARTERHATCH HOMES LIMITED",NA,NA,NA
"898","WILLIAMS WELFARE LTD",NA,NA,NA
"899","CARING FEATHERS LTD",NA,NA,NA
"900","PROCURE CARE PROVIDERS LIMITED",NA,NA,NA
"901","JURITA LIMITED",NA,NA,NA
"902","CARITAS HOMES LIMITED",NA,NA,NA
"903","LILY RESIDENTIAL SERVICES LTD",NA,NA,NA
"904","3S ADOLESCENT CARE LIMITED",NA,NA,NA
"905","CANNON CHILDREN SERVICES LIMITED",NA,NA,NA
"906","PARKER SC LTD",NA,NA,NA
"907","OLIVE TREE RESIDENTIAL CARE LIMITED",NA,NA,NA
"908","REGIONAL THERAPEUTIC HOMES LTD",NA,NA,NA
"909","AZALEA CARE LTD",NA,NA,NA
"910","TUTELAGE CARE BARKING LTD",NA,NA,NA
"911","TUTELAGE CARE REDBRIDGE LTD",NA,NA,NA
"912","MY HOUSE CALOW LTD",NA,NA,NA
"913","SURE STEPS SUPPORT SERVICES LTD",NA,NA,NA
"914","PURPLE ASH LIMITED",NA,NA,NA
"915","WINURTURE CHILDCARE LTD",NA,NA,NA
"916","CHERRY TREES CARE LTD",NA,NA,NA
"917","MY TRIBE HOMES LTD",NA,NA,NA
"918","CORE CHILDREN LTD",NA,NA,NA
"919","ROXWELL CARE ILFORD LIMITED",NA,NA,NA
"920","INTERACTIVE DEVELOPMENT RESIDENTIAL LIMITED",NA,NA,NA
"921","THE SPRING CHILDREN'S AND TRANSITIONAL CARE LTD",NA,NA,NA
"922","TUTELAGE CARE HATLEY LTD",NA,NA,NA
"923","STEPPING STONES CHILDREN'S SERVICES LTD",NA,NA,NA
"924","NEW HORIZON CHILDCARE LIMITED",NA,NA,NA
"925","WILLOWS LULL",NA,NA,NA
"926","PHOENIX CHILDCARE LIMITED",NA,NA,NA
"927","WEST CUMBRIA CARE AND SUPPORT",NA,NA,NA
"928","CHANNELS AND CHOICES KENT LLP",NA,NA,NA
"929","HEADSTART  CARE LLP",NA,NA,NA
"930","KIDS",4.176,5.196,75.641
